,loss,time_this_iter_s,done,timesteps_total,episodes_total,training_iteration,trial_id,experiment_id,date,timestamp,time_total_s,pid,hostname,node_ip,time_since_restore,timesteps_since_restore,iterations_since_restore,warmup_time,config/batch_size,config/hidden_channels,config/hidden_layers,config/lr,config/lr_decay_min_lr,config/lr_decay_rate,config/out_layers,config/weight_decay,logdir
0,0.0964189246296882,30.676398754119877,False,,,130,591e7_00000,8693219841814a0ebde1cebf4ad74f1d,2022-11-17_22-03-55,1668693835,3999.47634768486,160800,gpu403,11.11.4.3,3999.47634768486,0,130,0.003082275390625,59,72,4,0.000181683342074204,5.699847511525182e-06,0.9040406617731103,5,7.795277338944449e-05,"/public/home/hpc192311018/ray_results/tune/wrapper_591e7_00000_0_batch_size=59,hidden_channels=72,hidden_layers=4,lr=0.0002,lr_decay_min_lr=0.0000,lr_decay_rate=0.9040,out_l_2022-11-17_20-57-10"
1,0.0935999229550361,34.179991483688354,False,,,125,591e7_00001,83b81c6082fe4844a1c9b2330161b1ce,2022-11-17_22-11-39,1668694299,4458.404438018799,160840,gpu403,11.11.4.3,4458.404438018799,0,125,0.0033011436462402,104,355,8,0.00018207718995252463,1.5812142877396258e-05,0.9814382430338257,5,4.585687322250986e-06,"/public/home/hpc192311018/ray_results/tune/wrapper_591e7_00001_1_batch_size=104,hidden_channels=355,hidden_layers=8,lr=0.0002,lr_decay_min_lr=0.0000,lr_decay_rate=0.9814,out_2022-11-17_20-57-15"
2,0.2863641381263733,45.78192138671875,True,,,10,591e7_00002,8e644b8c4e494dbd9ac9fa5036739a10,2022-11-17_21-04-55,1668690295,447.93137073516846,161238,gpu403,11.11.4.3,447.93137073516846,0,10,0.0033051967620849,188,483,6,0.00039665773426904175,2.0285005622906654e-05,0.9788786552194982,5,9.363835215094048e-06,"/public/home/hpc192311018/ray_results/tune/wrapper_591e7_00002_2_batch_size=188,hidden_channels=483,hidden_layers=6,lr=0.0004,lr_decay_min_lr=0.0000,lr_decay_rate=0.9789,out_2022-11-17_20-57-21"
3,0.2896545827388763,48.41270732879639,True,,,10,591e7_00003,2b38a70df352443c95213d75197360dd,2022-11-17_21-05-41,1668690341,488.3268783092499,161639,gpu403,11.11.4.3,488.3268783092499,0,10,0.0033729076385498,145,500,6,0.00017608685309702905,5.977125382616085e-06,0.8461260200080802,3,1.7883314804252054e-05,"/public/home/hpc192311018/ray_results/tune/wrapper_591e7_00003_3_batch_size=145,hidden_channels=500,hidden_layers=6,lr=0.0002,lr_decay_min_lr=0.0000,lr_decay_rate=0.8461,out_2022-11-17_20-57-27"
4,0.0999339520931243,10.171420097351074,False,,,258,591e7_00004,6050fd94488c4f4d862afddecc330639,2022-11-17_21-41-12,1668692472,2613.384699821472,162037,gpu403,11.11.4.3,2613.384699821472,0,258,0.0034117698669433,193,250,1,0.00017752717325529176,9.2165077220049e-05,0.872412997078068,8,2.9320694847013608e-06,"/public/home/hpc192311018/ray_results/tune/wrapper_591e7_00004_4_batch_size=193,hidden_channels=250,hidden_layers=1,lr=0.0002,lr_decay_min_lr=0.0001,lr_decay_rate=0.8724,out_2022-11-17_20-57-32"
5,0.2886820435523987,44.83322834968567,True,,,10,591e7_00005,019ba710e17146bc9f1bf55596998563,2022-11-17_21-06-05,1668690365,500.7716257572174,162431,gpu403,11.11.4.3,500.7716257572174,0,10,0.0034115314483642,175,480,7,0.0002851765753152518,3.1511903362835994e-06,0.967462154990555,8,3.584561718452823e-05,"/public/home/hpc192311018/ray_results/tune/wrapper_591e7_00005_5_batch_size=175,hidden_channels=480,hidden_layers=7,lr=0.0003,lr_decay_min_lr=0.0000,lr_decay_rate=0.9675,out_2022-11-17_20-57-38"
6,0.0924066081643104,12.895748376846312,False,,,215,591e7_00006,9f014e5f2a994ef2b98e5141554577ab,2022-11-17_21-53-55,1668693235,3364.90668964386,163006,gpu403,11.11.4.3,3364.90668964386,0,215,0.0034346580505371,213,71,5,0.00024305429086046989,8.53631057947302e-06,0.9420293258571262,6,5.264921968093568e-06,"/public/home/hpc192311018/ray_results/tune/wrapper_591e7_00006_6_batch_size=213,hidden_channels=71,hidden_layers=5,lr=0.0002,lr_decay_min_lr=0.0000,lr_decay_rate=0.9420,out__2022-11-17_20-57-44"
7,0.0959814861416816,29.475939750671387,False,,,59,591e7_00007,f5f6e3bcce91460f8a9072c32a01ebec,2022-11-17_21-27-04,1668691624,1748.155044555664,163397,gpu403,11.11.4.3,1748.155044555664,0,59,0.0035433769226074,88,431,4,0.0035092169387500828,4.007392258070532e-05,0.897705397848692,7,1.0652945895170694e-05,"/public/home/hpc192311018/ray_results/tune/wrapper_591e7_00007_7_batch_size=88,hidden_channels=431,hidden_layers=4,lr=0.0035,lr_decay_min_lr=0.0000,lr_decay_rate=0.8977,out__2022-11-17_20-57-50"
8,0.2336097359657287,21.397960424423218,True,,,20,591e7_00008,8e644b8c4e494dbd9ac9fa5036739a10,2022-11-17_21-13-03,1668690783,488.0969414710999,161238,gpu403,11.11.4.3,488.0969414710999,0,20,0.0033051967620849,158,310,5,0.00023257848347585684,1.7535144334704674e-05,0.9207695679847843,4,2.3319591332785206e-05,"/public/home/hpc192311018/ray_results/tune/wrapper_591e7_00008_8_batch_size=158,hidden_channels=310,hidden_layers=5,lr=0.0002,lr_decay_min_lr=0.0000,lr_decay_rate=0.9208,out_2022-11-17_21-04-55"
9,0.1104879528284072,40.69282293319702,False,,,44,591e7_00009,2b38a70df352443c95213d75197360dd,2022-11-17_21-35-43,1668692143,1801.7288241386411,161639,gpu403,11.11.4.3,1801.7288241386411,0,44,0.0033729076385498,67,208,3,0.006528318735495685,1.2598898491759686e-05,0.9984372324149796,3,4.049681213070217e-06,"/public/home/hpc192311018/ray_results/tune/wrapper_591e7_00009_9_batch_size=67,hidden_channels=208,hidden_layers=3,lr=0.0065,lr_decay_min_lr=0.0000,lr_decay_rate=0.9984,out__2022-11-17_21-05-41"
10,0.3391153514385223,16.843228578567505,True,,,10,591e7_00010,019ba710e17146bc9f1bf55596998563,2022-11-17_21-08-56,1668690536,171.42450428009033,162431,gpu403,11.11.4.3,171.42450428009033,0,10,0.0034115314483642,224,337,2,0.0001346358809309869,1.6126164087751624e-05,0.8677892847191198,8,2.6330472790156283e-06,"/public/home/hpc192311018/ray_results/tune/wrapper_591e7_00010_10_batch_size=224,hidden_channels=337,hidden_layers=2,lr=0.0001,lr_decay_min_lr=0.0000,lr_decay_rate=0.8678,ou_2022-11-17_21-06-05"
11,0.1101210266351699,15.66289734840393,False,,,45,591e7_00011,019ba710e17146bc9f1bf55596998563,2022-11-17_21-21-08,1668691268,731.2019138336182,162431,gpu403,11.11.4.3,731.2019138336182,0,45,0.0034115314483642,89,128,1,0.003184760834872266,3.343396528983683e-05,0.8472281094825097,4,3.0043977653143365e-05,"/public/home/hpc192311018/ray_results/tune/wrapper_591e7_00011_11_batch_size=89,hidden_channels=128,hidden_layers=1,lr=0.0032,lr_decay_min_lr=0.0000,lr_decay_rate=0.8472,out_2022-11-17_21-08-56"
12,0.2886765599250793,7.844015836715698,True,,,10,591e7_00012,8e644b8c4e494dbd9ac9fa5036739a10,2022-11-17_21-14-25,1668690865,82.27233529090881,161238,gpu403,11.11.4.3,82.27233529090881,0,10,0.0033051967620849,244,97,1,0.0014151348483639771,2.6193866276511334e-05,0.866293878407736,8,2.9167183872037536e-06,"/public/home/hpc192311018/ray_results/tune/wrapper_591e7_00012_12_batch_size=244,hidden_channels=97,hidden_layers=1,lr=0.0014,lr_decay_min_lr=0.0000,lr_decay_rate=0.8663,out_2022-11-17_21-13-03"
13,0.3023764193058014,15.458280324935911,True,,,10,591e7_00013,8e644b8c4e494dbd9ac9fa5036739a10,2022-11-17_21-17-06,1668691026,161.20176029205322,161238,gpu403,11.11.4.3,161.20176029205322,0,10,0.0033051967620849,147,80,5,0.00026914738046863724,1.4096244590560004e-06,0.9616225597166372,3,3.297619545811277e-05,"/public/home/hpc192311018/ray_results/tune/wrapper_591e7_00013_13_batch_size=147,hidden_channels=80,hidden_layers=5,lr=0.0003,lr_decay_min_lr=0.0000,lr_decay_rate=0.9616,out_2022-11-17_21-14-25"
14,0.0922906249761581,22.115166187286377,False,,,55,591e7_00014,8e644b8c4e494dbd9ac9fa5036739a10,2022-11-17_21-36-45,1668692205,1178.8670806884766,161238,gpu403,11.11.4.3,1178.8670806884766,0,55,0.0033051967620849,105,82,8,0.0029967337038428864,7.49361449671748e-06,0.9581873835387422,8,1.2356198687312366e-05,"/public/home/hpc192311018/ray_results/tune/wrapper_591e7_00014_14_batch_size=105,hidden_channels=82,hidden_layers=8,lr=0.0030,lr_decay_min_lr=0.0000,lr_decay_rate=0.9582,out_2022-11-17_21-17-06"
15,0.0893772542476654,49.39654517173767,False,,,88,591e7_00015,019ba710e17146bc9f1bf55596998563,2022-11-17_22-29-50,1668695390,4119.259602546692,162431,gpu403,11.11.4.3,4119.259602546692,0,88,0.0034115314483642,60,288,5,0.0003220468439696303,3.486090372638722e-05,0.8544673598997723,9,1.5080881541406532e-06,"/public/home/hpc192311018/ray_results/tune/wrapper_591e7_00015_15_batch_size=60,hidden_channels=288,hidden_layers=5,lr=0.0003,lr_decay_min_lr=0.0000,lr_decay_rate=0.8545,out_2022-11-17_21-21-11"
16,0.3203413188457489,24.09876585006714,True,,,10,591e7_00016,f5f6e3bcce91460f8a9072c32a01ebec,2022-11-17_21-31-09,1668691869,242.6798367500305,163397,gpu403,11.11.4.3,242.6798367500305,0,10,0.0035433769226074,244,354,6,0.00014304050975877925,3.948431370876672e-06,0.9195097856825136,3,2.326080286840769e-06,"/public/home/hpc192311018/ray_results/tune/wrapper_591e7_00016_16_batch_size=244,hidden_channels=354,hidden_layers=6,lr=0.0001,lr_decay_min_lr=0.0000,lr_decay_rate=0.9195,ou_2022-11-17_21-27-07"
17,0.2663843333721161,23.328415870666504,True,,,20,591e7_00017,f5f6e3bcce91460f8a9072c32a01ebec,2022-11-17_21-38-56,1668692336,466.9327156543732,163397,gpu403,11.11.4.3,466.9327156543732,0,20,0.0035433769226074,244,374,5,0.007342905964199958,2.468807879595011e-06,0.8322614279685276,7,2.469114495851118e-05,"/public/home/hpc192311018/ray_results/tune/wrapper_591e7_00017_17_batch_size=244,hidden_channels=374,hidden_layers=5,lr=0.0073,lr_decay_min_lr=0.0000,lr_decay_rate=0.8323,ou_2022-11-17_21-31-09"
18,0.0939503982663154,17.775809288024902,False,,,96,591e7_00018,2b38a70df352443c95213d75197360dd,2022-11-17_22-05-34,1668693934,1787.495848655701,161639,gpu403,11.11.4.3,1787.495848655701,0,96,0.0033729076385498,115,215,2,0.0004116284857469905,2.7111991570001263e-05,0.8080391218046468,9,4.664601918000752e-06,"/public/home/hpc192311018/ray_results/tune/wrapper_591e7_00018_18_batch_size=115,hidden_channels=215,hidden_layers=2,lr=0.0004,lr_decay_min_lr=0.0000,lr_decay_rate=0.8080,ou_2022-11-17_21-35-46"
19,0.295808732509613,30.916917085647583,True,,,10,591e7_00019,8e644b8c4e494dbd9ac9fa5036739a10,2022-11-17_21-42-01,1668692521,312.7211289405823,161238,gpu403,11.11.4.3,312.7211289405823,0,10,0.0033051967620849,151,273,7,0.0020763087891792252,3.4610565477169675e-06,0.9334808497690165,9,5.528019606798032e-06,"/public/home/hpc192311018/ray_results/tune/wrapper_591e7_00019_19_batch_size=151,hidden_channels=273,hidden_layers=7,lr=0.0021,lr_decay_min_lr=0.0000,lr_decay_rate=0.9335,ou_2022-11-17_21-36-48"
20,0.2889733016490936,28.08510732650757,True,,,10,591e7_00020,f5f6e3bcce91460f8a9072c32a01ebec,2022-11-17_21-43-37,1668692617,280.66618967056274,163397,gpu403,11.11.4.3,280.66618967056274,0,10,0.0035433769226074,143,191,8,0.000222948205265985,1.1323967091525872e-05,0.9669191264338135,8,4.958335048222073e-06,"/public/home/hpc192311018/ray_results/tune/wrapper_591e7_00020_20_batch_size=143,hidden_channels=191,hidden_layers=8,lr=0.0002,lr_decay_min_lr=0.0000,lr_decay_rate=0.9669,ou_2022-11-17_21-38-56"
21,0.0897321105003357,14.316369771957396,False,,,88,591e7_00021,6050fd94488c4f4d862afddecc330639,2022-11-17_22-02-36,1668693756,1282.41570687294,162037,gpu403,11.11.4.3,1282.41570687294,0,88,0.0034117698669433,176,160,4,0.0010519513678338976,3.0346222919287803e-06,0.9394044773633846,4,1.663225943338247e-06,"/public/home/hpc192311018/ray_results/tune/wrapper_591e7_00021_21_batch_size=176,hidden_channels=160,hidden_layers=4,lr=0.0011,lr_decay_min_lr=0.0000,lr_decay_rate=0.9394,ou_2022-11-17_21-41-13"
22,0.0899176970124244,38.05097079277039,False,,,67,591e7_00022,8e644b8c4e494dbd9ac9fa5036739a10,2022-11-17_22-30-48,1668695448,2927.02339053154,161238,gpu403,11.11.4.3,2927.02339053154,0,67,0.0033051967620849,72,505,5,0.0004221439105011902,2.8071681881934678e-05,0.9461139667590434,5,1.9026945932071313e-06,"/public/home/hpc192311018/ray_results/tune/wrapper_591e7_00022_22_batch_size=72,hidden_channels=505,hidden_layers=5,lr=0.0004,lr_decay_min_lr=0.0000,lr_decay_rate=0.9461,out_2022-11-17_21-42-01"
23,0.1147836446762085,13.477315187454224,True,,,40,591e7_00023,f5f6e3bcce91460f8a9072c32a01ebec,2022-11-17_21-52-26,1668693146,529.2697486877441,163397,gpu403,11.11.4.3,529.2697486877441,0,40,0.0035433769226074,104,77,1,0.005404920428866732,4.719644950650278e-06,0.9389338959945099,3,8.52569375627022e-05,"/public/home/hpc192311018/ray_results/tune/wrapper_591e7_00023_23_batch_size=104,hidden_channels=77,hidden_layers=1,lr=0.0054,lr_decay_min_lr=0.0000,lr_decay_rate=0.9389,out_2022-11-17_21-43-37"
24,0.1002067103981971,22.9879150390625,False,,,37,591e7_00024,f5f6e3bcce91460f8a9072c32a01ebec,2022-11-17_22-04-39,1668693879,732.1090662479401,163397,gpu403,11.11.4.3,732.1090662479401,0,37,0.0035433769226074,143,108,4,0.0019760186248006352,4.477524778721264e-06,0.9769002066016093,3,9.905898238200765e-05,"/public/home/hpc192311018/ray_results/tune/wrapper_591e7_00024_24_batch_size=143,hidden_channels=108,hidden_layers=4,lr=0.0020,lr_decay_min_lr=0.0000,lr_decay_rate=0.9769,ou_2022-11-17_21-52-26"
25,0.3062083423137665,25.45589518547058,True,,,10,591e7_00025,9f014e5f2a994ef2b98e5141554577ab,2022-11-17_21-58-13,1668693493,256.9134018421173,163006,gpu403,11.11.4.3,256.9134018421173,0,10,0.0034346580505371,188,207,9,0.00024791336700507146,1.7980333907313678e-06,0.9266572865608944,3,5.213751143885876e-05,"/public/home/hpc192311018/ray_results/tune/wrapper_591e7_00025_25_batch_size=188,hidden_channels=207,hidden_layers=9,lr=0.0002,lr_decay_min_lr=0.0000,lr_decay_rate=0.9267,ou_2022-11-17_21-53-56"
26,0.3392791748046875,11.0693519115448,True,,,10,591e7_00026,9f014e5f2a994ef2b98e5141554577ab,2022-11-17_22-00-05,1668693605,111.72320342063904,163006,gpu403,11.11.4.3,111.72320342063904,0,10,0.0034346580505371,190,98,2,0.00019060772845100682,5.022383220631244e-05,0.9079094396198435,8,7.364295965523682e-06,"/public/home/hpc192311018/ray_results/tune/wrapper_591e7_00026_26_batch_size=190,hidden_channels=98,hidden_layers=2,lr=0.0002,lr_decay_min_lr=0.0001,lr_decay_rate=0.9079,out_2022-11-17_21-58-13"
27,0.1393736600875854,51.30706667900085,True,,,20,591e7_00027,9f014e5f2a994ef2b98e5141554577ab,2022-11-17_22-14-26,1668694466,860.6099812984467,163006,gpu403,11.11.4.3,860.6099812984467,0,20,0.0034346580505371,175,437,8,0.0008315355724013849,5.516664271839255e-06,0.8318484292840953,4,2.4922096864084484e-06,"/public/home/hpc192311018/ray_results/tune/wrapper_591e7_00027_27_batch_size=175,hidden_channels=437,hidden_layers=8,lr=0.0008,lr_decay_min_lr=0.0000,lr_decay_rate=0.8318,ou_2022-11-17_22-00-05"
28,0.3194473683834076,17.906933546066284,True,,,10,591e7_00028,6050fd94488c4f4d862afddecc330639,2022-11-17_22-05-11,1668693911,152.95318341255188,162037,gpu403,11.11.4.3,152.95318341255188,0,10,0.0034117698669433,208,106,5,0.00034715268667446695,1.2053966308478893e-06,0.9563183278013433,6,1.9027168507124855e-05,"/public/home/hpc192311018/ray_results/tune/wrapper_591e7_00028_28_batch_size=208,hidden_channels=106,hidden_layers=5,lr=0.0003,lr_decay_min_lr=0.0000,lr_decay_rate=0.9563,ou_2022-11-17_22-02-38"
29,0.222180888056755,25.089426279067997,True,,,20,591e7_00029,8693219841814a0ebde1cebf4ad74f1d,2022-11-17_22-12-34,1668694354,515.2714939117432,160800,gpu403,11.11.4.3,515.2714939117432,0,20,0.003082275390625,89,452,3,0.00016652159076531683,1.3231402368039536e-05,0.9738500792609492,6,5.6842899365123006e-05,"/public/home/hpc192311018/ray_results/tune/wrapper_591e7_00029_29_batch_size=89,hidden_channels=452,hidden_layers=3,lr=0.0002,lr_decay_min_lr=0.0000,lr_decay_rate=0.9739,out_2022-11-17_22-03-59"
30,0.3156629204750061,26.6785581111908,True,,,10,591e7_00030,f5f6e3bcce91460f8a9072c32a01ebec,2022-11-17_22-09-04,1668694144,263.09739804267883,163397,gpu403,11.11.4.3,263.09739804267883,0,10,0.0035433769226074,142,428,2,0.00011018734903294338,3.817940119969e-06,0.8901526553004168,5,3.932881397204265e-06,"/public/home/hpc192311018/ray_results/tune/wrapper_591e7_00030_30_batch_size=142,hidden_channels=428,hidden_layers=2,lr=0.0001,lr_decay_min_lr=0.0000,lr_decay_rate=0.8902,ou_2022-11-17_22-04-41"
31,0.3234480023384094,23.771546602249146,True,,,10,591e7_00031,6050fd94488c4f4d862afddecc330639,2022-11-17_22-09-11,1668694151,240.60177636146545,162037,gpu403,11.11.4.3,240.60177636146545,0,10,0.0034117698669433,181,124,7,0.0001931297906372114,1.5007949235393376e-06,0.9800148098905802,9,2.823927131915856e-06,"/public/home/hpc192311018/ray_results/tune/wrapper_591e7_00031_31_batch_size=181,hidden_channels=124,hidden_layers=7,lr=0.0002,lr_decay_min_lr=0.0000,lr_decay_rate=0.9800,ou_2022-11-17_22-05-11"
32,0.1049136966466903,18.35248351097107,False,,,66,591e7_00032,2b38a70df352443c95213d75197360dd,2022-11-17_22-25-52,1668695152,1215.9297182559967,161639,gpu403,11.11.4.3,1215.9297182559967,0,66,0.0033729076385498,147,287,1,0.001399731899607674,5.031433351881571e-06,0.8634520386379392,3,1.0319069579129352e-06,"/public/home/hpc192311018/ray_results/tune/wrapper_591e7_00032_32_batch_size=147,hidden_channels=287,hidden_layers=1,lr=0.0014,lr_decay_min_lr=0.0000,lr_decay_rate=0.8635,ou_2022-11-17_22-05-37"
33,0.3189441859722137,45.43283033370972,True,,,10,591e7_00033,f5f6e3bcce91460f8a9072c32a01ebec,2022-11-17_22-16-19,1668694579,434.6331567764282,163397,gpu403,11.11.4.3,434.6331567764282,0,10,0.0035433769226074,192,464,6,0.0002092553528041794,1.0779045901774228e-05,0.8340790207608124,4,5.4605283059599485e-06,"/public/home/hpc192311018/ray_results/tune/wrapper_591e7_00033_33_batch_size=192,hidden_channels=464,hidden_layers=6,lr=0.0002,lr_decay_min_lr=0.0000,lr_decay_rate=0.8341,ou_2022-11-17_22-09-04"
34,0.1163403391838073,11.694575548171995,True,,,40,591e7_00034,6050fd94488c4f4d862afddecc330639,2022-11-17_22-17-31,1668694651,499.3723511695862,162037,gpu403,11.11.4.3,499.3723511695862,0,40,0.0034117698669433,182,319,1,0.007522404415516056,1.610172436655281e-06,0.8027188538924362,4,1.7519662037496313e-05,"/public/home/hpc192311018/ray_results/tune/wrapper_591e7_00034_34_batch_size=182,hidden_channels=319,hidden_layers=1,lr=0.0075,lr_decay_min_lr=0.0000,lr_decay_rate=0.8027,ou_2022-11-17_22-09-11"
35,0.0880964770913124,33.8502459526062,False,,,72,591e7_00035,83b81c6082fe4844a1c9b2330161b1ce,2022-11-17_22-52-51,1668696771,2467.8477413654327,160840,gpu403,11.11.4.3,2467.8477413654327,0,72,0.0033011436462402,201,475,7,0.00211201847450353,5.827606525786572e-06,0.9151065800682819,5,3.056809886225556e-06,"/public/home/hpc192311018/ray_results/tune/wrapper_591e7_00035_35_batch_size=201,hidden_channels=475,hidden_layers=7,lr=0.0021,lr_decay_min_lr=0.0000,lr_decay_rate=0.9151,ou_2022-11-17_22-11-44"
36,0.1199269220232963,17.864442110061646,True,,,40,591e7_00036,8693219841814a0ebde1cebf4ad74f1d,2022-11-17_22-22-47,1668694967,612.6116061210632,160800,gpu403,11.11.4.3,612.6116061210632,0,40,0.003082275390625,242,102,5,0.0035186162080831076,1.0995086335893641e-06,0.8997480836521704,6,3.967809951556541e-05,"/public/home/hpc192311018/ray_results/tune/wrapper_591e7_00036_36_batch_size=242,hidden_channels=102,hidden_layers=5,lr=0.0035,lr_decay_min_lr=0.0000,lr_decay_rate=0.8997,ou_2022-11-17_22-12-34"
37,0.3128236532211303,39.39580202102661,True,,,10,591e7_00037,9f014e5f2a994ef2b98e5141554577ab,2022-11-17_22-21-36,1668694896,430.30012798309326,163006,gpu403,11.11.4.3,430.30012798309326,0,10,0.0034346580505371,233,472,9,0.0001458704128346647,3.0513401248296774e-06,0.9406130830867623,7,4.052178047008172e-06,"/public/home/hpc192311018/ray_results/tune/wrapper_591e7_00037_37_batch_size=233,hidden_channels=472,hidden_layers=9,lr=0.0001,lr_decay_min_lr=0.0000,lr_decay_rate=0.9406,ou_2022-11-17_22-14-26"
38,0.1386988908052444,54.37206625938416,True,,,20,591e7_00038,f5f6e3bcce91460f8a9072c32a01ebec,2022-11-17_22-32-33,1668695553,974.0816476345062,163397,gpu403,11.11.4.3,974.0816476345062,0,20,0.0035433769226074,37,156,1,0.002178873251113541,5.972337071084871e-06,0.9572605938284988,9,1.7441609594686213e-05,"/public/home/hpc192311018/ray_results/tune/wrapper_591e7_00038_38_batch_size=37,hidden_channels=156,hidden_layers=1,lr=0.0022,lr_decay_min_lr=0.0000,lr_decay_rate=0.9573,out_2022-11-17_22-16-19"
39,0.0939097255468368,36.636873722076416,False,,,68,591e7_00039,6050fd94488c4f4d862afddecc330639,2022-11-17_23-04-59,1668697499,2848.2634160518646,162037,gpu403,11.11.4.3,2848.2634160518646,0,68,0.0034117698669433,243,391,9,0.007677988017317674,1.6664169136667008e-06,0.9770573463211756,5,2.069217514181909e-06,"/public/home/hpc192311018/ray_results/tune/wrapper_591e7_00039_39_batch_size=243,hidden_channels=391,hidden_layers=9,lr=0.0077,lr_decay_min_lr=0.0000,lr_decay_rate=0.9771,ou_2022-11-17_22-17-31"
40,0.2133414894342422,16.522059202194214,True,,,20,591e7_00040,9f014e5f2a994ef2b98e5141554577ab,2022-11-17_22-27-05,1668695225,328.42241644859314,163006,gpu403,11.11.4.3,328.42241644859314,0,20,0.0034346580505371,158,211,4,0.0004695997925516986,5.438803197873033e-06,0.8303737465528288,5,2.802518266627336e-06,"/public/home/hpc192311018/ray_results/tune/wrapper_591e7_00040_40_batch_size=158,hidden_channels=211,hidden_layers=4,lr=0.0005,lr_decay_min_lr=0.0000,lr_decay_rate=0.8304,ou_2022-11-17_22-21-36"
41,0.1491665840148925,87.99824523925781,True,,,20,591e7_00041,8693219841814a0ebde1cebf4ad74f1d,2022-11-17_22-52-14,1668696734,1766.796481847763,160800,gpu403,11.11.4.3,1766.796481847763,0,20,0.003082275390625,60,498,8,0.00027163768779544324,1.955002009022548e-05,0.8570605349003902,9,6.585161383041495e-06,"/public/home/hpc192311018/ray_results/tune/wrapper_591e7_00041_41_batch_size=60,hidden_channels=498,hidden_layers=8,lr=0.0003,lr_decay_min_lr=0.0000,lr_decay_rate=0.8571,out_2022-11-17_22-22-47"
42,0.0910402610898017,53.02707839012146,False,,,93,591e7_00042,2b38a70df352443c95213d75197360dd,2022-11-18_00-01-23,1668700883,5727.867979764938,161639,gpu403,11.11.4.3,5727.867979764938,0,93,0.0033729076385498,34,156,6,0.0006593424434644874,3.089932622086841e-05,0.9651413320166919,6,1.525999874319419e-05,"/public/home/hpc192311018/ray_results/tune/wrapper_591e7_00042_42_batch_size=34,hidden_channels=156,hidden_layers=6,lr=0.0007,lr_decay_min_lr=0.0000,lr_decay_rate=0.9651,out_2022-11-17_22-25-55"
43,0.0904381796717643,36.29322409629822,False,,,54,591e7_00043,9f014e5f2a994ef2b98e5141554577ab,2022-11-17_22-59-07,1668697147,1922.0172810554504,163006,gpu403,11.11.4.3,1922.0172810554504,0,54,0.0034346580505371,240,359,9,0.0020670053905404435,1.3238898045389623e-05,0.943589404864709,7,2.965756743190217e-06,"/public/home/hpc192311018/ray_results/tune/wrapper_591e7_00043_43_batch_size=240,hidden_channels=359,hidden_layers=9,lr=0.0021,lr_decay_min_lr=0.0000,lr_decay_rate=0.9436,ou_2022-11-17_22-27-05"
44,0.1082484498620033,12.121434450149536,False,,,62,591e7_00044,019ba710e17146bc9f1bf55596998563,2022-11-17_22-43-21,1668696201,807.3950729370117,162431,gpu403,11.11.4.3,807.3950729370117,0,62,0.0034115314483642,101,250,1,0.001762041920383482,4.7434786411177145e-05,0.8041766985738082,4,1.0520437450159077e-06,"/public/home/hpc192311018/ray_results/tune/wrapper_591e7_00044_44_batch_size=101,hidden_channels=250,hidden_layers=1,lr=0.0018,lr_decay_min_lr=0.0000,lr_decay_rate=0.8042,ou_2022-11-17_22-29-54"
45,0.3243025839328766,15.59527063369751,True,,,10,591e7_00045,8e644b8c4e494dbd9ac9fa5036739a10,2022-11-17_22-33-28,1668695608,156.929940700531,161238,gpu403,11.11.4.3,156.929940700531,0,10,0.0033051967620849,131,238,2,0.00025209007927692336,1.2814148826643755e-06,0.8276533093325518,8,8.848515000628915e-05,"/public/home/hpc192311018/ray_results/tune/wrapper_591e7_00045_45_batch_size=131,hidden_channels=238,hidden_layers=2,lr=0.0003,lr_decay_min_lr=0.0000,lr_decay_rate=0.8277,ou_2022-11-17_22-30-51"
46,0.1408585458993911,23.09441447257996,True,,,20,591e7_00046,f5f6e3bcce91460f8a9072c32a01ebec,2022-11-17_22-40-08,1668696008,454.54167556762695,163397,gpu403,11.11.4.3,454.54167556762695,0,20,0.0035433769226074,237,307,3,0.001668297293986922,2.133559458261562e-06,0.9372461365999656,9,4.162378496273859e-06,"/public/home/hpc192311018/ray_results/tune/wrapper_591e7_00046_46_batch_size=237,hidden_channels=307,hidden_layers=3,lr=0.0017,lr_decay_min_lr=0.0000,lr_decay_rate=0.9372,ou_2022-11-17_22-32-33"
47,0.1208119019865989,40.03116822242737,True,,,40,591e7_00047,8e644b8c4e494dbd9ac9fa5036739a10,2022-11-17_22-57-58,1668697078,1470.507269859314,161238,gpu403,11.11.4.3,1470.507269859314,0,40,0.0033051967620849,37,348,1,0.009438708235366432,6.183752026333675e-05,0.9928427229419364,4,5.8651865400221364e-06,"/public/home/hpc192311018/ray_results/tune/wrapper_591e7_00047_47_batch_size=37,hidden_channels=348,hidden_layers=1,lr=0.0094,lr_decay_min_lr=0.0001,lr_decay_rate=0.9928,out_2022-11-17_22-33-28"
48,0.2999697625637054,23.67711997032165,True,,,10,591e7_00048,f5f6e3bcce91460f8a9072c32a01ebec,2022-11-17_22-44-03,1668696243,235.1853106021881,163397,gpu403,11.11.4.3,235.1853106021881,0,10,0.0035433769226074,131,193,2,0.00024405427790123184,3.8026458773516265e-05,0.8642537619764561,7,2.287022502529469e-06,"/public/home/hpc192311018/ray_results/tune/wrapper_591e7_00048_48_batch_size=131,hidden_channels=193,hidden_layers=2,lr=0.0002,lr_decay_min_lr=0.0000,lr_decay_rate=0.8643,ou_2022-11-17_22-40-08"
49,0.3256761729717254,17.734639883041382,True,,,10,591e7_00049,019ba710e17146bc9f1bf55596998563,2022-11-17_22-46-21,1668696381,178.10070419311523,162431,gpu403,11.11.4.3,178.10070419311523,0,10,0.0034115314483642,188,278,4,0.000158119524800846,7.190203200716202e-05,0.9477029157566531,6,9.669438765364829e-06,"/public/home/hpc192311018/ray_results/tune/wrapper_591e7_00049_49_batch_size=188,hidden_channels=278,hidden_layers=4,lr=0.0002,lr_decay_min_lr=0.0001,lr_decay_rate=0.9477,ou_2022-11-17_22-43-23"
50,0.1390884518623352,42.665215492248535,True,,,20,591e7_00050,f5f6e3bcce91460f8a9072c32a01ebec,2022-11-17_23-03-32,1668697412,1169.12527012825,163397,gpu403,11.11.4.3,1169.12527012825,0,20,0.0035433769226074,53,431,4,0.00048508671398497333,4.154166027192535e-05,0.827467344320623,9,2.5890403854812017e-05,"/public/home/hpc192311018/ray_results/tune/wrapper_591e7_00050_50_batch_size=53,hidden_channels=431,hidden_layers=4,lr=0.0005,lr_decay_min_lr=0.0000,lr_decay_rate=0.8275,out_2022-11-17_22-44-03"
51,0.2768128514289856,25.629067182540894,True,,,10,591e7_00051,019ba710e17146bc9f1bf55596998563,2022-11-17_22-50-41,1668696641,259.73282527923584,162431,gpu403,11.11.4.3,259.73282527923584,0,10,0.0034115314483642,168,232,9,0.0004760452160982231,5.730503948677955e-06,0.9038183135362795,4,5.65616776181793e-05,"/public/home/hpc192311018/ray_results/tune/wrapper_591e7_00051_51_batch_size=168,hidden_channels=232,hidden_layers=9,lr=0.0005,lr_decay_min_lr=0.0000,lr_decay_rate=0.9038,ou_2022-11-17_22-46-21"
52,0.3269137144088745,16.7589910030365,True,,,10,591e7_00052,019ba710e17146bc9f1bf55596998563,2022-11-17_22-53-30,1668696810,168.10274696350098,162431,gpu403,11.11.4.3,168.10274696350098,0,10,0.0034115314483642,232,234,5,0.00013143185091604622,1.0299996204664058e-06,0.8444405191787592,7,1.4027641921733502e-06,"/public/home/hpc192311018/ray_results/tune/wrapper_591e7_00052_52_batch_size=232,hidden_channels=234,hidden_layers=5,lr=0.0001,lr_decay_min_lr=0.0000,lr_decay_rate=0.8444,ou_2022-11-17_22-50-41"
53,0.3415857553482055,20.39121913909912,True,,,10,591e7_00053,8693219841814a0ebde1cebf4ad74f1d,2022-11-17_22-55-40,1668696940,205.8704783916473,160800,gpu403,11.11.4.3,205.8704783916473,0,10,0.003082275390625,212,202,3,0.00044653832101163493,6.560044914459522e-06,0.9041774960641856,8,7.908215747869693e-06,"/public/home/hpc192311018/ray_results/tune/wrapper_591e7_00053_53_batch_size=212,hidden_channels=202,hidden_layers=3,lr=0.0004,lr_decay_min_lr=0.0000,lr_decay_rate=0.9042,ou_2022-11-17_22-52-14"
54,0.1030111834406852,29.82026076316833,False,,,85,591e7_00054,83b81c6082fe4844a1c9b2330161b1ce,2022-11-17_23-35-40,1668699340,2565.779191255569,160840,gpu403,11.11.4.3,2565.779191255569,0,85,0.0033011436462402,43,167,2,0.0006655115425865119,1.6584104010938608e-06,0.9909712548761731,3,5.583919168041209e-05,"/public/home/hpc192311018/ray_results/tune/wrapper_591e7_00054_54_batch_size=43,hidden_channels=167,hidden_layers=2,lr=0.0007,lr_decay_min_lr=0.0000,lr_decay_rate=0.9910,out_2022-11-17_22-52-55"
55,0.0917402952909469,50.3333113193512,False,,,53,591e7_00055,019ba710e17146bc9f1bf55596998563,2022-11-17_23-45-48,1668699948,3138.5027515888214,162431,gpu403,11.11.4.3,3138.5027515888214,0,53,0.0034115314483642,64,402,8,0.0008215091842953263,1.0499719171755845e-05,0.8572003543131876,3,1.3368551605165137e-06,"/public/home/hpc192311018/ray_results/tune/wrapper_591e7_00055_55_batch_size=64,hidden_channels=402,hidden_layers=8,lr=0.0008,lr_decay_min_lr=0.0000,lr_decay_rate=0.8572,out_2022-11-17_22-53-30"
56,0.2995826005935669,42.98296046257019,True,,,10,591e7_00056,8693219841814a0ebde1cebf4ad74f1d,2022-11-17_23-02-55,1668697375,434.7977669239044,160800,gpu403,11.11.4.3,434.7977669239044,0,10,0.003082275390625,228,274,9,0.004582710757203005,7.642302051927938e-06,0.8250646492805723,9,1.5255557391127978e-05,"/public/home/hpc192311018/ray_results/tune/wrapper_591e7_00056_56_batch_size=228,hidden_channels=274,hidden_layers=9,lr=0.0046,lr_decay_min_lr=0.0000,lr_decay_rate=0.8251,ou_2022-11-17_22-55-40"
57,0.3209234476089477,20.70576548576355,True,,,10,591e7_00057,8e644b8c4e494dbd9ac9fa5036739a10,2022-11-17_23-01-29,1668697289,210.19024777412412,161238,gpu403,11.11.4.3,210.19024777412412,0,10,0.0033051967620849,85,82,3,0.00013018628418967336,2.1185341468939777e-06,0.8699710911303489,9,5.026057779494296e-06,"/public/home/hpc192311018/ray_results/tune/wrapper_591e7_00057_57_batch_size=85,hidden_channels=82,hidden_layers=3,lr=0.0001,lr_decay_min_lr=0.0000,lr_decay_rate=0.8700,out__2022-11-17_22-57-58"
58,0.1347703486680984,16.710973739624023,True,,,20,591e7_00058,9f014e5f2a994ef2b98e5141554577ab,2022-11-17_23-03-48,1668697428,278.03463077545166,163006,gpu403,11.11.4.3,278.03463077545166,0,20,0.0034346580505371,180,166,3,0.0012654015429934217,1.04333126042512e-06,0.9255096248521821,3,5.511977809613155e-06,"/public/home/hpc192311018/ray_results/tune/wrapper_591e7_00058_58_batch_size=180,hidden_channels=166,hidden_layers=3,lr=0.0013,lr_decay_min_lr=0.0000,lr_decay_rate=0.9255,ou_2022-11-17_22-59-10"
59,0.3006419837474823,27.692534923553467,True,,,10,591e7_00059,8e644b8c4e494dbd9ac9fa5036739a10,2022-11-17_23-06-08,1668697568,279.5528333187103,161238,gpu403,11.11.4.3,279.5528333187103,0,10,0.0033051967620849,218,331,6,0.00028456150346885896,1.2852561011530992e-06,0.9449779097531067,4,3.094516142140881e-05,"/public/home/hpc192311018/ray_results/tune/wrapper_591e7_00059_59_batch_size=218,hidden_channels=331,hidden_layers=6,lr=0.0003,lr_decay_min_lr=0.0000,lr_decay_rate=0.9450,ou_2022-11-17_23-01-29"
60,0.7913140654563904,13.640864849090576,True,,,10,591e7_00060,8693219841814a0ebde1cebf4ad74f1d,2022-11-17_23-05-54,1668697554,179.25363278388977,160800,gpu403,11.11.4.3,179.25363278388977,0,10,0.003082275390625,165,201,2,0.0009649964996805988,6.803423644382539e-06,0.8251201559593462,9,3.4802382111439773e-06,"/public/home/hpc192311018/ray_results/tune/wrapper_591e7_00060_60_batch_size=165,hidden_channels=201,hidden_layers=2,lr=0.0010,lr_decay_min_lr=0.0000,lr_decay_rate=0.8251,ou_2022-11-17_23-02-55"
61,0.0901650711894035,22.55373215675354,False,,,71,591e7_00061,f5f6e3bcce91460f8a9072c32a01ebec,2022-11-17_23-30-11,1668699011,1598.8041977882383,163397,gpu403,11.11.4.3,1598.8041977882383,0,71,0.0035433769226074,220,325,5,0.002078988135678401,3.4442605029323523e-06,0.9520880499092788,4,2.268393342447235e-05,"/public/home/hpc192311018/ray_results/tune/wrapper_591e7_00061_61_batch_size=220,hidden_channels=325,hidden_layers=5,lr=0.0021,lr_decay_min_lr=0.0000,lr_decay_rate=0.9521,ou_2022-11-17_23-03-32"
62,0.0895395427942276,50.18128299713135,False,,,82,591e7_00062,9f014e5f2a994ef2b98e5141554577ab,2022-11-18_00-16-29,1668701789,4360.998014211655,163006,gpu403,11.11.4.3,4360.998014211655,0,82,0.0034346580505371,57,284,6,0.0003288774677368902,1.2525536538878568e-06,0.8742234753183343,5,1.2960770638025371e-05,"/public/home/hpc192311018/ray_results/tune/wrapper_591e7_00062_62_batch_size=57,hidden_channels=284,hidden_layers=6,lr=0.0003,lr_decay_min_lr=0.0000,lr_decay_rate=0.8742,out_2022-11-17_23-03-48"
63,0.1326565742492675,28.29305219650269,True,,,20,591e7_00063,6050fd94488c4f4d862afddecc330639,2022-11-17_23-13-55,1668698035,532.5848059654236,162037,gpu403,11.11.4.3,532.5848059654236,0,20,0.0034117698669433,91,72,8,0.001997121894131109,4.2604362983668426e-05,0.8900366914258915,4,8.626522802651897e-06,"/public/home/hpc192311018/ray_results/tune/wrapper_591e7_00063_63_batch_size=91,hidden_channels=72,hidden_layers=8,lr=0.0020,lr_decay_min_lr=0.0000,lr_decay_rate=0.8900,out__2022-11-17_23-05-02"
64,0.2981501817703247,23.7959885597229,True,,,10,591e7_00064,8693219841814a0ebde1cebf4ad74f1d,2022-11-17_23-09-57,1668697797,242.813720703125,160800,gpu403,11.11.4.3,242.813720703125,0,10,0.003082275390625,242,211,8,0.0005768728082459162,1.951115918287389e-05,0.8577476662242705,6,4.658629416094849e-05,"/public/home/hpc192311018/ray_results/tune/wrapper_591e7_00064_64_batch_size=242,hidden_channels=211,hidden_layers=8,lr=0.0006,lr_decay_min_lr=0.0000,lr_decay_rate=0.8577,ou_2022-11-17_23-05-54"
65,0.1621960550546646,12.21787142753601,True,,,20,591e7_00065,8e644b8c4e494dbd9ac9fa5036739a10,2022-11-17_23-10-22,1668697822,253.4911725521088,161238,gpu403,11.11.4.3,253.4911725521088,0,20,0.0033051967620849,226,67,4,0.001210800964810551,3.1932042227125885e-06,0.842672034561508,3,1.290430773443533e-05,"/public/home/hpc192311018/ray_results/tune/wrapper_591e7_00065_65_batch_size=226,hidden_channels=67,hidden_layers=4,lr=0.0012,lr_decay_min_lr=0.0000,lr_decay_rate=0.8427,out_2022-11-17_23-06-08"
66,0.0887837931513786,40.5462121963501,False,,,87,591e7_00066,8693219841814a0ebde1cebf4ad74f1d,2022-11-18_00-02-06,1668700926,3128.594134092331,160800,gpu403,11.11.4.3,3128.594134092331,0,87,0.003082275390625,95,500,5,0.0010839793753240554,3.1494580371699184e-06,0.8493338835131319,9,8.804317061186961e-06,"/public/home/hpc192311018/ray_results/tune/wrapper_591e7_00066_66_batch_size=95,hidden_channels=500,hidden_layers=5,lr=0.0011,lr_decay_min_lr=0.0000,lr_decay_rate=0.8493,out_2022-11-17_23-09-57"
67,0.3252055644989013,25.94701886177063,True,,,10,591e7_00067,8e644b8c4e494dbd9ac9fa5036739a10,2022-11-17_23-14-45,1668698085,263.4179480075836,161238,gpu403,11.11.4.3,263.4179480075836,0,10,0.0033051967620849,233,220,8,0.00011084020962952536,1.588964958683087e-05,0.8546408330433081,7,4.222885137790706e-05,"/public/home/hpc192311018/ray_results/tune/wrapper_591e7_00067_67_batch_size=233,hidden_channels=220,hidden_layers=8,lr=0.0001,lr_decay_min_lr=0.0000,lr_decay_rate=0.8546,ou_2022-11-17_23-10-22"
68,0.2876929342746734,22.07778596878052,True,,,10,591e7_00068,6050fd94488c4f4d862afddecc330639,2022-11-17_23-17-31,1668698251,216.6846346855164,162037,gpu403,11.11.4.3,216.6846346855164,0,10,0.0034117698669433,218,109,7,0.000948686170631346,3.007841823981846e-05,0.9481905357663434,4,8.56120213206228e-06,"/public/home/hpc192311018/ray_results/tune/wrapper_591e7_00068_68_batch_size=218,hidden_channels=109,hidden_layers=7,lr=0.0009,lr_decay_min_lr=0.0000,lr_decay_rate=0.9482,ou_2022-11-17_23-13-55"
69,0.1421622633934021,24.01645278930664,True,,,20,591e7_00069,8e644b8c4e494dbd9ac9fa5036739a10,2022-11-17_23-22-50,1668698570,484.4985802173615,161238,gpu403,11.11.4.3,484.4985802173615,0,20,0.0033051967620849,165,90,9,0.003986849973930884,3.392233515215063e-05,0.8501419410496077,6,4.201149786730196e-05,"/public/home/hpc192311018/ray_results/tune/wrapper_591e7_00069_69_batch_size=165,hidden_channels=90,hidden_layers=9,lr=0.0040,lr_decay_min_lr=0.0000,lr_decay_rate=0.8501,out_2022-11-17_23-14-45"
70,0.2703570425510406,46.217742681503296,True,,,20,591e7_00070,6050fd94488c4f4d862afddecc330639,2022-11-17_23-33-14,1668699194,942.3433184623718,162037,gpu403,11.11.4.3,942.3433184623718,0,20,0.0034117698669433,57,241,3,0.009680401425498811,2.4942167402916107e-05,0.9558072528316003,5,1.9794495305448532e-05,"/public/home/hpc192311018/ray_results/tune/wrapper_591e7_00070_70_batch_size=57,hidden_channels=241,hidden_layers=3,lr=0.0097,lr_decay_min_lr=0.0000,lr_decay_rate=0.9558,out_2022-11-17_23-17-31"
71,0.1683874428272247,47.792704343795776,True,,,20,591e7_00071,8e644b8c4e494dbd9ac9fa5036739a10,2022-11-17_23-38-51,1668699531,960.6529779434204,161238,gpu403,11.11.4.3,960.6529779434204,0,20,0.0033051967620849,166,419,9,0.0004984897344775411,1.448977574871388e-06,0.9328306866145193,4,1.1071450988774512e-06,"/public/home/hpc192311018/ray_results/tune/wrapper_591e7_00071_71_batch_size=166,hidden_channels=419,hidden_layers=9,lr=0.0005,lr_decay_min_lr=0.0000,lr_decay_rate=0.9328,ou_2022-11-17_23-22-50"
72,0.3455994129180908,17.513675451278687,True,,,10,591e7_00072,f5f6e3bcce91460f8a9072c32a01ebec,2022-11-17_23-33-11,1668699191,176.65166878700256,163397,gpu403,11.11.4.3,176.65166878700256,0,10,0.0035433769226074,123,64,6,0.00010751392915110077,7.311336150993595e-06,0.8296225451923599,8,5.236160995452266e-05,"/public/home/hpc192311018/ray_results/tune/wrapper_591e7_00072_72_batch_size=123,hidden_channels=64,hidden_layers=6,lr=0.0001,lr_decay_min_lr=0.0000,lr_decay_rate=0.8296,out_2022-11-17_23-30-14"
73,0.2691892683506012,32.75014567375183,True,,,20,591e7_00073,f5f6e3bcce91460f8a9072c32a01ebec,2022-11-17_23-44-07,1668699847,655.8403539657593,163397,gpu403,11.11.4.3,655.8403539657593,0,20,0.0035433769226074,122,288,9,0.004964075381678801,1.4868976464744024e-06,0.9806026679534865,6,5.770048868929463e-06,"/public/home/hpc192311018/ray_results/tune/wrapper_591e7_00073_73_batch_size=122,hidden_channels=288,hidden_layers=9,lr=0.0050,lr_decay_min_lr=0.0000,lr_decay_rate=0.9806,ou_2022-11-17_23-33-11"
74,0.0935366749763488,19.987488508224487,False,,,71,591e7_00074,6050fd94488c4f4d862afddecc330639,2022-11-17_23-57-30,1668700650,1455.964970827103,162037,gpu403,11.11.4.3,1455.964970827103,0,71,0.0034117698669433,97,88,4,0.005433218842907006,8.921916441756192e-05,0.9247910044914885,4,1.4227958856750903e-06,"/public/home/hpc192311018/ray_results/tune/wrapper_591e7_00074_74_batch_size=97,hidden_channels=88,hidden_layers=4,lr=0.0054,lr_decay_min_lr=0.0001,lr_decay_rate=0.9248,out__2022-11-17_23-33-14"
75,0.1048052608966827,13.304832935333252,True,,,40,591e7_00075,83b81c6082fe4844a1c9b2330161b1ce,2022-11-17_23-44-38,1668699878,534.8431177139282,160840,gpu403,11.11.4.3,534.8431177139282,0,40,0.0033011436462402,142,149,2,0.0033498470458571752,1.276102795386073e-05,0.9888630630871771,9,7.096529307746198e-05,"/public/home/hpc192311018/ray_results/tune/wrapper_591e7_00075_75_batch_size=142,hidden_channels=149,hidden_layers=2,lr=0.0033,lr_decay_min_lr=0.0000,lr_decay_rate=0.9889,ou_2022-11-17_23-35-43"
76,0.2806058526039123,21.275124549865723,True,,,10,591e7_00076,8e644b8c4e494dbd9ac9fa5036739a10,2022-11-17_23-42-24,1668699744,212.78013348579407,161238,gpu403,11.11.4.3,212.78013348579407,0,10,0.0033051967620849,196,167,7,0.000694534575138198,1.8639021465697493e-06,0.9793676458667913,3,9.023080440861525e-06,"/public/home/hpc192311018/ray_results/tune/wrapper_591e7_00076_76_batch_size=196,hidden_channels=167,hidden_layers=7,lr=0.0007,lr_decay_min_lr=0.0000,lr_decay_rate=0.9794,ou_2022-11-17_23-38-51"
77,0.3284114301204681,15.398836851119995,True,,,10,591e7_00077,8e644b8c4e494dbd9ac9fa5036739a10,2022-11-17_23-44-53,1668699893,149.16402173042297,161238,gpu403,11.11.4.3,149.16402173042297,0,10,0.0033051967620849,179,103,3,0.00017428468950084295,8.088422309900062e-05,0.8606643660409707,7,1.0770364911327599e-06,"/public/home/hpc192311018/ray_results/tune/wrapper_591e7_00077_77_batch_size=179,hidden_channels=103,hidden_layers=3,lr=0.0002,lr_decay_min_lr=0.0001,lr_decay_rate=0.8607,ou_2022-11-17_23-42-24"
78,0.320359319448471,19.65174078941345,True,,,10,591e7_00078,f5f6e3bcce91460f8a9072c32a01ebec,2022-11-17_23-47-30,1668700050,202.77349972724917,163397,gpu403,11.11.4.3,202.77349972724917,0,10,0.0035433769226074,238,282,5,0.00018304508735253618,1.995648133704981e-05,0.8432293128479884,4,5.405956006562456e-05,"/public/home/hpc192311018/ray_results/tune/wrapper_591e7_00078_78_batch_size=238,hidden_channels=282,hidden_layers=5,lr=0.0002,lr_decay_min_lr=0.0000,lr_decay_rate=0.8432,ou_2022-11-17_23-44-07"
79,0.1182038560509681,36.27941107749939,True,,,40,591e7_00079,83b81c6082fe4844a1c9b2330161b1ce,2022-11-18_00-07-04,1668701224,1345.9536333084106,160840,gpu403,11.11.4.3,1345.9536333084106,0,40,0.0033011436462402,34,159,1,0.0015415314141566296,9.738309473852939e-05,0.8252354062541121,3,8.837425743489473e-06,"/public/home/hpc192311018/ray_results/tune/wrapper_591e7_00079_79_batch_size=34,hidden_channels=159,hidden_layers=1,lr=0.0015,lr_decay_min_lr=0.0001,lr_decay_rate=0.8252,out_2022-11-17_23-44-38"
80,0.2869704365730285,20.042399644851685,True,,,10,591e7_00080,8e644b8c4e494dbd9ac9fa5036739a10,2022-11-17_23-48-13,1668700093,200.4868807792664,161238,gpu403,11.11.4.3,200.4868807792664,0,10,0.0033051967620849,88,230,3,0.0001681327859083029,1.7545055663883248e-06,0.8996552937481289,3,8.61314044829795e-06,"/public/home/hpc192311018/ray_results/tune/wrapper_591e7_00080_80_batch_size=88,hidden_channels=230,hidden_layers=3,lr=0.0002,lr_decay_min_lr=0.0000,lr_decay_rate=0.8997,out_2022-11-17_23-44-53"
81,0.1355045437812805,12.739452838897703,True,,,20,591e7_00081,019ba710e17146bc9f1bf55596998563,2022-11-17_23-50-14,1668700214,262.1530227661133,162431,gpu403,11.11.4.3,262.1530227661133,0,20,0.0034115314483642,211,481,1,0.005726285961587782,4.1391101241508275e-06,0.9606174305430581,4,7.654697666816832e-06,"/public/home/hpc192311018/ray_results/tune/wrapper_591e7_00081_81_batch_size=211,hidden_channels=481,hidden_layers=1,lr=0.0057,lr_decay_min_lr=0.0000,lr_decay_rate=0.9606,ou_2022-11-17_23-45-52"
82,0.2962457835674286,22.88733410835266,True,,,10,591e7_00082,f5f6e3bcce91460f8a9072c32a01ebec,2022-11-17_23-51-18,1668700278,228.6287658214569,163397,gpu403,11.11.4.3,228.6287658214569,0,10,0.0035433769226074,164,155,7,0.0003541893721853493,7.124698870982881e-05,0.9892430511641469,7,5.50649621769693e-06,"/public/home/hpc192311018/ray_results/tune/wrapper_591e7_00082_82_batch_size=164,hidden_channels=155,hidden_layers=7,lr=0.0004,lr_decay_min_lr=0.0001,lr_decay_rate=0.9892,ou_2022-11-17_23-47-30"
83,0.1026967391371727,15.030686616897585,True,,,40,591e7_00083,8e644b8c4e494dbd9ac9fa5036739a10,2022-11-17_23-58-04,1668700684,590.2474768161774,161238,gpu403,11.11.4.3,590.2474768161774,0,40,0.0033051967620849,123,151,2,0.004365996093934354,5.595372551082249e-05,0.9932166714671327,6,3.7083082395851397e-06,"/public/home/hpc192311018/ray_results/tune/wrapper_591e7_00083_83_batch_size=123,hidden_channels=151,hidden_layers=2,lr=0.0044,lr_decay_min_lr=0.0001,lr_decay_rate=0.9932,ou_2022-11-17_23-48-13"
84,0.3461684882640838,14.657747745513916,True,,,10,591e7_00084,019ba710e17146bc9f1bf55596998563,2022-11-17_23-52-42,1668700362,148.1736400127411,162431,gpu403,11.11.4.3,148.1736400127411,0,10,0.0034115314483642,179,385,1,0.00018861657783587912,3.391767302173645e-05,0.9924482593527035,8,8.161280960995798e-05,"/public/home/hpc192311018/ray_results/tune/wrapper_591e7_00084_84_batch_size=179,hidden_channels=385,hidden_layers=1,lr=0.0002,lr_decay_min_lr=0.0000,lr_decay_rate=0.9924,ou_2022-11-17_23-50-14"
85,0.2844932079315185,36.78937244415283,True,,,10,591e7_00085,f5f6e3bcce91460f8a9072c32a01ebec,2022-11-17_23-57-24,1668700644,365.78435349464417,163397,gpu403,11.11.4.3,365.78435349464417,0,10,0.0035433769226074,63,343,4,0.00014912793619114724,4.548967742691005e-06,0.8912335820596619,8,6.319903941349934e-05,"/public/home/hpc192311018/ray_results/tune/wrapper_591e7_00085_85_batch_size=63,hidden_channels=343,hidden_layers=4,lr=0.0001,lr_decay_min_lr=0.0000,lr_decay_rate=0.8912,out_2022-11-17_23-51-19"
86,0.0926104336977005,15.724632263183594,False,,,56,591e7_00086,019ba710e17146bc9f1bf55596998563,2022-11-18_00-05-28,1668701128,765.5197756290436,162431,gpu403,11.11.4.3,765.5197756290436,0,56,0.0034115314483642,241,162,4,0.004519720607155106,2.67217638746704e-06,0.9973172843510236,6,3.890489693673711e-06,"/public/home/hpc192311018/ray_results/tune/wrapper_591e7_00086_86_batch_size=241,hidden_channels=162,hidden_layers=4,lr=0.0045,lr_decay_min_lr=0.0000,lr_decay_rate=0.9973,ou_2022-11-17_23-52-42"
87,0.3481741547584533,13.688767194747925,True,,,10,591e7_00087,f5f6e3bcce91460f8a9072c32a01ebec,2022-11-17_23-59-42,1668700782,137.60650038719177,163397,gpu403,11.11.4.3,137.60650038719177,0,10,0.0035433769226074,140,221,1,0.0001083385986352663,7.439944121937171e-06,0.8510553297519505,6,3.541691668742318e-06,"/public/home/hpc192311018/ray_results/tune/wrapper_591e7_00087_87_batch_size=140,hidden_channels=221,hidden_layers=1,lr=0.0001,lr_decay_min_lr=0.0000,lr_decay_rate=0.8511,ou_2022-11-17_23-57-24"
88,0.0909912809729576,16.51719570159912,False,,,91,591e7_00088,6050fd94488c4f4d862afddecc330639,2022-11-18_00-24-10,1668702250,1597.6903388500214,162037,gpu403,11.11.4.3,1597.6903388500214,0,91,0.0034117698669433,191,482,2,0.002067919819130366,1.6066289168989564e-06,0.8147283179814118,4,7.5405365097145335e-06,"/public/home/hpc192311018/ray_results/tune/wrapper_591e7_00088_88_batch_size=191,hidden_channels=482,hidden_layers=2,lr=0.0021,lr_decay_min_lr=0.0000,lr_decay_rate=0.8147,ou_2022-11-17_23-57-33"
89,0.3241669833660126,42.738116979599,True,,,10,591e7_00089,8e644b8c4e494dbd9ac9fa5036739a10,2022-11-18_00-05-09,1668701109,425.0085039138794,161238,gpu403,11.11.4.3,425.0085039138794,0,10,0.0033051967620849,55,347,4,0.000967592958255118,6.182322279484519e-05,0.9898374172525355,7,6.64850984761851e-05,"/public/home/hpc192311018/ray_results/tune/wrapper_591e7_00089_89_batch_size=55,hidden_channels=347,hidden_layers=4,lr=0.0010,lr_decay_min_lr=0.0001,lr_decay_rate=0.9898,out_2022-11-17_23-58-04"
90,0.172918751835823,25.25332236289978,True,,,20,591e7_00090,f5f6e3bcce91460f8a9072c32a01ebec,2022-11-18_00-08-19,1668701299,517.2268970012665,163397,gpu403,11.11.4.3,517.2268970012665,0,20,0.0035433769226074,248,479,4,0.0011941390499224055,1.0999101789830555e-05,0.898777244922134,8,3.617468698541398e-05,"/public/home/hpc192311018/ray_results/tune/wrapper_591e7_00090_90_batch_size=248,hidden_channels=479,hidden_layers=4,lr=0.0012,lr_decay_min_lr=0.0000,lr_decay_rate=0.8988,ou_2022-11-17_23-59-42"
91,0.1713703125715255,50.209975719451904,True,,,20,591e7_00091,2b38a70df352443c95213d75197360dd,2022-11-18_00-15-31,1668701731,844.5214745998383,161639,gpu403,11.11.4.3,844.5214745998383,0,20,0.0033729076385498,64,323,5,0.00025684945093438355,1.21265888108669e-05,0.9633380777841003,8,7.640724432588841e-05,"/public/home/hpc192311018/ray_results/tune/wrapper_591e7_00091_91_batch_size=64,hidden_channels=323,hidden_layers=5,lr=0.0003,lr_decay_min_lr=0.0000,lr_decay_rate=0.9633,out_2022-11-18_00-01-27"
92,0.3569933474063873,11.740635871887209,True,,,10,591e7_00092,8693219841814a0ebde1cebf4ad74f1d,2022-11-18_00-04-10,1668701050,119.96483254432678,160800,gpu403,11.11.4.3,119.96483254432678,0,10,0.003082275390625,227,236,1,0.00010250500036620874,4.459507288509208e-06,0.9703306577581938,8,5.487453558702428e-05,"/public/home/hpc192311018/ray_results/tune/wrapper_591e7_00092_92_batch_size=227,hidden_channels=236,hidden_layers=1,lr=0.0001,lr_decay_min_lr=0.0000,lr_decay_rate=0.9703,ou_2022-11-18_00-02-10"
93,0.1291026473045349,18.45163583755493,True,,,20,591e7_00093,8693219841814a0ebde1cebf4ad74f1d,2022-11-18_00-10-31,1668701431,381.3663053512573,160800,gpu403,11.11.4.3,381.3663053512573,0,20,0.003082275390625,137,250,2,0.0010101862294046922,2.3384301825868418e-05,0.9150986554233072,7,2.8566694388754657e-06,"/public/home/hpc192311018/ray_results/tune/wrapper_591e7_00093_93_batch_size=137,hidden_channels=250,hidden_layers=2,lr=0.0010,lr_decay_min_lr=0.0000,lr_decay_rate=0.9151,ou_2022-11-18_00-04-10"
94,0.1438825279474258,20.304584503173828,True,,,20,591e7_00094,8e644b8c4e494dbd9ac9fa5036739a10,2022-11-18_00-12-00,1668701520,410.8368670940399,161238,gpu403,11.11.4.3,410.8368670940399,0,20,0.0033051967620849,216,172,7,0.0011851992037837278,8.295509264246653e-06,0.9126200278633047,7,7.411678542615074e-06,"/public/home/hpc192311018/ray_results/tune/wrapper_591e7_00094_94_batch_size=216,hidden_channels=172,hidden_layers=7,lr=0.0012,lr_decay_min_lr=0.0000,lr_decay_rate=0.9126,ou_2022-11-18_00-05-09"
95,0.3373003304004669,14.54221773147583,True,,,10,591e7_00095,019ba710e17146bc9f1bf55596998563,2022-11-18_00-07-58,1668701278,148.34912753105164,162431,gpu403,11.11.4.3,148.34912753105164,0,10,0.0034115314483642,207,90,4,0.00014107329732516636,5.696530226945434e-05,0.8245166775465833,5,7.822446909205439e-06,"/public/home/hpc192311018/ray_results/tune/wrapper_591e7_00095_95_batch_size=207,hidden_channels=90,hidden_layers=4,lr=0.0001,lr_decay_min_lr=0.0001,lr_decay_rate=0.8245,out_2022-11-18_00-05-30"
96,0.1338832378387451,29.01975893974304,True,,,20,591e7_00096,83b81c6082fe4844a1c9b2330161b1ce,2022-11-18_00-17-13,1668701833,608.2723472118378,160840,gpu403,11.11.4.3,608.2723472118378,0,20,0.0033011436462402,202,390,6,0.0012212604255225016,1.7089536400106259e-06,0.9254789190741619,6,3.378347960726791e-06,"/public/home/hpc192311018/ray_results/tune/wrapper_591e7_00096_96_batch_size=202,hidden_channels=390,hidden_layers=6,lr=0.0012,lr_decay_min_lr=0.0000,lr_decay_rate=0.9255,ou_2022-11-18_00-07-04"
97,0.0937518030405044,12.939937114715576,False,,,51,591e7_00097,019ba710e17146bc9f1bf55596998563,2022-11-18_00-20-54,1668702054,775.4557492733002,162431,gpu403,11.11.4.3,775.4557492733002,0,51,0.0034115314483642,169,238,2,0.0018384494214287274,1.8988246987765874e-05,0.9406216216845186,5,1.0217378855007174e-06,"/public/home/hpc192311018/ray_results/tune/wrapper_591e7_00097_97_batch_size=169,hidden_channels=238,hidden_layers=2,lr=0.0018,lr_decay_min_lr=0.0000,lr_decay_rate=0.9406,ou_2022-11-18_00-07-58"
98,0.0924239456653595,33.353288888931274,False,,,48,591e7_00098,f5f6e3bcce91460f8a9072c32a01ebec,2022-11-18_00-32-06,1668702726,1426.513165473938,163397,gpu403,11.11.4.3,1426.513165473938,0,48,0.0035433769226074,95,237,7,0.0008217200039883936,2.850753489622767e-05,0.8436196961645572,6,2.9401133748006077e-05,"/public/home/hpc192311018/ray_results/tune/wrapper_591e7_00098_98_batch_size=95,hidden_channels=237,hidden_layers=7,lr=0.0008,lr_decay_min_lr=0.0000,lr_decay_rate=0.8436,out_2022-11-18_00-08-19"
99,0.1334656327962875,14.352601051330566,True,,,20,591e7_00099,8693219841814a0ebde1cebf4ad74f1d,2022-11-18_00-15-16,1668701716,284.5403425693512,160800,gpu403,11.11.4.3,284.5403425693512,0,20,0.003082275390625,151,110,1,0.0015086313098024921,4.9070377529945695e-06,0.8772465685477886,6,6.314800064659721e-05,"/public/home/hpc192311018/ray_results/tune/wrapper_591e7_00099_99_batch_size=151,hidden_channels=110,hidden_layers=1,lr=0.0015,lr_decay_min_lr=0.0000,lr_decay_rate=0.8772,ou_2022-11-18_00-10-31"
100,0.2025235444307327,14.373128652572632,True,,,20,591e7_00100,8e644b8c4e494dbd9ac9fa5036739a10,2022-11-18_00-16-50,1668701810,289.82840728759766,161238,gpu403,11.11.4.3,289.82840728759766,0,20,0.0033051967620849,232,339,2,0.0007069239431546918,1.306396586157465e-06,0.8318330497912451,5,2.1230725808985364e-05,"/public/home/hpc192311018/ray_results/tune/wrapper_591e7_00100_100_batch_size=232,hidden_channels=339,hidden_layers=2,lr=0.0007,lr_decay_min_lr=0.0000,lr_decay_rate=0.8318,o_2022-11-18_00-12-00"
101,0.094795361161232,38.05556869506836,False,,,47,591e7_00101,8693219841814a0ebde1cebf4ad74f1d,2022-11-18_00-47-17,1668703637,1921.178725481033,160800,gpu403,11.11.4.3,1921.178725481033,0,47,0.003082275390625,65,96,9,0.005690126352406127,3.438944871683605e-06,0.926660971129682,5,3.824956194415228e-06,"/public/home/hpc192311018/ray_results/tune/wrapper_591e7_00101_101_batch_size=65,hidden_channels=96,hidden_layers=9,lr=0.0057,lr_decay_min_lr=0.0000,lr_decay_rate=0.9267,out_2022-11-18_00-15-16"
102,0.0938608422875404,25.20881414413452,False,,,92,591e7_00102,2b38a70df352443c95213d75197360dd,2022-11-18_00-49-12,1668703752,2020.8835532665253,161639,gpu403,11.11.4.3,2020.8835532665253,0,92,0.0033729076385498,85,141,4,0.0006661084773468665,3.118535496200891e-06,0.9540708268887591,9,2.4462315145987337e-05,"/public/home/hpc192311018/ray_results/tune/wrapper_591e7_00102_102_batch_size=85,hidden_channels=141,hidden_layers=4,lr=0.0007,lr_decay_min_lr=0.0000,lr_decay_rate=0.9541,ou_2022-11-18_00-15-31"
103,0.0938330888748169,22.23496961593628,False,,,46,591e7_00103,9f014e5f2a994ef2b98e5141554577ab,2022-11-18_00-36-17,1668702977,1183.8672802448273,163006,gpu403,11.11.4.3,1183.8672802448273,0,46,0.0034346580505371,202,302,5,0.005964345435299925,2.001874184539494e-05,0.9699629108900704,5,3.827756952190938e-06,"/public/home/hpc192311018/ray_results/tune/wrapper_591e7_00103_103_batch_size=202,hidden_channels=302,hidden_layers=5,lr=0.0060,lr_decay_min_lr=0.0000,lr_decay_rate=0.9700,o_2022-11-18_00-16-33"
104,0.114616259932518,33.66884636878967,False,,,48,591e7_00104,8e644b8c4e494dbd9ac9fa5036739a10,2022-11-18_00-46-21,1668703581,1771.7510480880735,161238,gpu403,11.11.4.3,1771.7510480880735,0,48,0.0033051967620849,54,108,4,0.0016177523014321443,1.5201445985232035e-05,0.8977997676258471,8,3.815503161447794e-05,"/public/home/hpc192311018/ray_results/tune/wrapper_591e7_00104_104_batch_size=54,hidden_channels=108,hidden_layers=4,lr=0.0016,lr_decay_min_lr=0.0000,lr_decay_rate=0.8978,ou_2022-11-18_00-16-50"
105,0.142249122262001,28.662182092666622,True,,,20,591e7_00105,83b81c6082fe4844a1c9b2330161b1ce,2022-11-18_00-27-01,1668702421,588.6975960731506,160840,gpu403,11.11.4.3,588.6975960731506,0,20,0.0033011436462402,45,65,1,0.0003397497210661079,7.379914201690823e-05,0.9946415351269963,3,3.829611683537236e-05,"/public/home/hpc192311018/ray_results/tune/wrapper_591e7_00105_105_batch_size=45,hidden_channels=65,hidden_layers=1,lr=0.0003,lr_decay_min_lr=0.0001,lr_decay_rate=0.9946,out_2022-11-18_00-17-13"
106,0.2912096977233886,17.38631534576416,True,,,10,591e7_00106,019ba710e17146bc9f1bf55596998563,2022-11-18_00-23-54,1668702234,176.32989525794983,162431,gpu403,11.11.4.3,176.32989525794983,0,10,0.0034115314483642,204,234,5,0.0012073298998974565,8.836000315269211e-05,0.8265687273074573,3,2.720165288785138e-06,"/public/home/hpc192311018/ray_results/tune/wrapper_591e7_00106_106_batch_size=204,hidden_channels=234,hidden_layers=5,lr=0.0012,lr_decay_min_lr=0.0001,lr_decay_rate=0.8266,o_2022-11-18_00-20-58"
107,0.3261339664459228,14.832367658615112,True,,,10,591e7_00107,019ba710e17146bc9f1bf55596998563,2022-11-18_00-26-27,1668702387,152.7635998725891,162431,gpu403,11.11.4.3,152.7635998725891,0,10,0.0034115314483642,196,378,2,0.0001271234663412325,3.782836042834214e-06,0.9514738759750824,5,3.850024539842698e-05,"/public/home/hpc192311018/ray_results/tune/wrapper_591e7_00107_107_batch_size=196,hidden_channels=378,hidden_layers=2,lr=0.0001,lr_decay_min_lr=0.0000,lr_decay_rate=0.9515,o_2022-11-18_00-23-54"
108,0.3105155527591705,19.21095299720764,True,,,10,591e7_00108,6050fd94488c4f4d862afddecc330639,2022-11-18_00-27-53,1668702473,192.2111797332764,162037,gpu403,11.11.4.3,192.2111797332764,0,10,0.0034117698669433,99,463,2,0.00011797074545494325,4.714274083900182e-06,0.8993923610766474,4,7.200407539970999e-06,"/public/home/hpc192311018/ray_results/tune/wrapper_591e7_00108_108_batch_size=99,hidden_channels=463,hidden_layers=2,lr=0.0001,lr_decay_min_lr=0.0000,lr_decay_rate=0.8994,ou_2022-11-18_00-24-40"
109,0.319540798664093,17.06565833091736,True,,,10,591e7_00109,019ba710e17146bc9f1bf55596998563,2022-11-18_00-29-15,1668702555,167.4786593914032,162431,gpu403,11.11.4.3,167.4786593914032,0,10,0.0034115314483642,220,243,4,0.00031068197178074706,6.767606836271189e-05,0.8831538500375028,7,1.2177142289790433e-05,"/public/home/hpc192311018/ray_results/tune/wrapper_591e7_00109_109_batch_size=220,hidden_channels=243,hidden_layers=4,lr=0.0003,lr_decay_min_lr=0.0001,lr_decay_rate=0.8832,o_2022-11-18_00-26-27"
110,0.1137238442897796,17.204153060913086,True,,,40,591e7_00110,83b81c6082fe4844a1c9b2330161b1ce,2022-11-18_00-38-30,1668703110,688.1875166893005,160840,gpu403,11.11.4.3,688.1875166893005,0,40,0.0033011436462402,98,113,3,0.0063967139971536245,2.6626487911609415e-05,0.9944257790491372,6,2.9856541751981227e-05,"/public/home/hpc192311018/ray_results/tune/wrapper_591e7_00110_110_batch_size=98,hidden_channels=113,hidden_layers=3,lr=0.0064,lr_decay_min_lr=0.0000,lr_decay_rate=0.9944,ou_2022-11-18_00-27-01"
111,0.1059431508183479,12.380064249038696,True,,,40,591e7_00111,6050fd94488c4f4d862afddecc330639,2022-11-18_00-36-11,1668702971,498.5415270328522,162037,gpu403,11.11.4.3,498.5415270328522,0,40,0.0034117698669433,125,99,1,0.005073451665447684,2.1953361586656096e-05,0.8140343449189757,7,6.965827347163838e-06,"/public/home/hpc192311018/ray_results/tune/wrapper_591e7_00111_111_batch_size=125,hidden_channels=99,hidden_layers=1,lr=0.0051,lr_decay_min_lr=0.0000,lr_decay_rate=0.8140,ou_2022-11-18_00-27-53"
112,0.1512167155742645,21.868505001068115,True,,,20,591e7_00112,019ba710e17146bc9f1bf55596998563,2022-11-18_00-36-32,1668702992,436.8924415111542,162431,gpu403,11.11.4.3,436.8924415111542,0,20,0.0034115314483642,137,332,4,0.0006079696986783071,1.3128213945899481e-05,0.9367110161554055,3,2.5783079958100373e-05,"/public/home/hpc192311018/ray_results/tune/wrapper_591e7_00112_112_batch_size=137,hidden_channels=332,hidden_layers=4,lr=0.0006,lr_decay_min_lr=0.0000,lr_decay_rate=0.9367,o_2022-11-18_00-29-15"
113,0.282654345035553,25.911917209625244,True,,,10,591e7_00113,f5f6e3bcce91460f8a9072c32a01ebec,2022-11-18_00-36-37,1668702997,268.0303268432617,163397,gpu403,11.11.4.3,268.0303268432617,0,10,0.0035433769226074,161,72,7,0.0005924923658512669,3.892470333368223e-06,0.9218871287775572,4,6.548196389992257e-05,"/public/home/hpc192311018/ray_results/tune/wrapper_591e7_00113_113_batch_size=161,hidden_channels=72,hidden_layers=7,lr=0.0006,lr_decay_min_lr=0.0000,lr_decay_rate=0.9219,ou_2022-11-18_00-32-09"
114,0.2898028790950775,21.351390600204468,True,,,10,591e7_00114,6050fd94488c4f4d862afddecc330639,2022-11-18_00-39-45,1668703185,213.7839353084564,162037,gpu403,11.11.4.3,213.7839353084564,0,10,0.0034117698669433,85,267,4,0.00016443056864526707,1.6667004604522128e-05,0.8044155345281874,3,3.621153467892591e-06,"/public/home/hpc192311018/ray_results/tune/wrapper_591e7_00114_114_batch_size=85,hidden_channels=267,hidden_layers=4,lr=0.0002,lr_decay_min_lr=0.0000,lr_decay_rate=0.8044,ou_2022-11-18_00-36-11"
115,0.3211529552936554,40.84249806404114,True,,,10,591e7_00115,9f014e5f2a994ef2b98e5141554577ab,2022-11-18_00-42-04,1668703324,344.0876910686493,163006,gpu403,11.11.4.3,344.0876910686493,0,10,0.0034346580505371,255,420,8,0.0027529007511166437,7.533178837390899e-05,0.8553439537851493,7,2.3401692803129086e-05,"/public/home/hpc192311018/ray_results/tune/wrapper_591e7_00115_115_batch_size=255,hidden_channels=420,hidden_layers=8,lr=0.0028,lr_decay_min_lr=0.0001,lr_decay_rate=0.8553,o_2022-11-18_00-36-20"
116,0.1158531010150909,12.899487733840942,True,,,40,591e7_00116,019ba710e17146bc9f1bf55596998563,2022-11-18_00-45-32,1668703532,539.7015519142151,162431,gpu403,11.11.4.3,539.7015519142151,0,40,0.0034115314483642,114,257,1,0.005762147548389654,1.9459856601939417e-05,0.9340216726799291,8,2.3770159639883236e-05,"/public/home/hpc192311018/ray_results/tune/wrapper_591e7_00116_116_batch_size=114,hidden_channels=257,hidden_layers=1,lr=0.0058,lr_decay_min_lr=0.0000,lr_decay_rate=0.9340,o_2022-11-18_00-36-32"
117,0.3069324195384979,27.140989303588867,True,,,10,591e7_00117,f5f6e3bcce91460f8a9072c32a01ebec,2022-11-18_00-41-13,1668703273,269.580144405365,163397,gpu403,11.11.4.3,269.580144405365,0,10,0.0035433769226074,80,352,1,0.00014226458519374596,5.132294600356476e-05,0.9031287386422784,3,2.250535628003126e-06,"/public/home/hpc192311018/ray_results/tune/wrapper_591e7_00117_117_batch_size=80,hidden_channels=352,hidden_layers=1,lr=0.0001,lr_decay_min_lr=0.0001,lr_decay_rate=0.9031,ou_2022-11-18_00-36-44"
118,0.1291075199842453,27.08433485031128,True,,,20,591e7_00118,83b81c6082fe4844a1c9b2330161b1ce,2022-11-18_00-47-30,1668703650,540.3233978748322,160840,gpu403,11.11.4.3,540.3233978748322,0,20,0.0033011436462402,88,499,3,0.0007140710583624482,1.4096515190399543e-05,0.9043941284952401,8,5.7791030949161815e-05,"/public/home/hpc192311018/ray_results/tune/wrapper_591e7_00118_118_batch_size=88,hidden_channels=499,hidden_layers=3,lr=0.0007,lr_decay_min_lr=0.0000,lr_decay_rate=0.9044,ou_2022-11-18_00-38-30"
119,0.0966240167617797,41.52015042304993,False,,,64,591e7_00119,6050fd94488c4f4d862afddecc330639,2022-11-18_01-18-03,1668705483,2298.2577652931213,162037,gpu403,11.11.4.3,2298.2577652931213,0,64,0.0034117698669433,44,194,2,0.00040480214313555544,5.392924189031588e-06,0.8008313180484752,8,2.8706832672469676e-06,"/public/home/hpc192311018/ray_results/tune/wrapper_591e7_00119_119_batch_size=44,hidden_channels=194,hidden_layers=2,lr=0.0004,lr_decay_min_lr=0.0000,lr_decay_rate=0.8008,ou_2022-11-18_00-39-45"
120,0.2712659537792206,38.61975765228272,True,,,10,591e7_00120,f5f6e3bcce91460f8a9072c32a01ebec,2022-11-18_00-47-33,1668703653,379.7344553470612,163397,gpu403,11.11.4.3,379.7344553470612,0,10,0.0035433769226074,173,261,7,0.007289087150658339,6.450368487967001e-05,0.8228505613683815,6,1.574560667896888e-06,"/public/home/hpc192311018/ray_results/tune/wrapper_591e7_00120_120_batch_size=173,hidden_channels=261,hidden_layers=7,lr=0.0073,lr_decay_min_lr=0.0001,lr_decay_rate=0.8229,o_2022-11-18_00-41-13"
121,0.1483683288097381,48.10517382621765,True,,,20,591e7_00121,9f014e5f2a994ef2b98e5141554577ab,2022-11-18_00-58-58,1668704338,1014.0468640327454,163006,gpu403,11.11.4.3,1014.0468640327454,0,20,0.0034346580505371,141,469,9,0.0005681056742453136,7.3539845736063435e-06,0.8316798881859484,6,1.480494759210361e-06,"/public/home/hpc192311018/ray_results/tune/wrapper_591e7_00121_121_batch_size=141,hidden_channels=469,hidden_layers=9,lr=0.0006,lr_decay_min_lr=0.0000,lr_decay_rate=0.8317,o_2022-11-18_00-42-04"
122,0.1337082087993621,21.57127404212952,True,,,20,591e7_00122,019ba710e17146bc9f1bf55596998563,2022-11-18_00-52-31,1668703951,419.0649788379669,162431,gpu403,11.11.4.3,419.0649788379669,0,20,0.0034115314483642,119,120,5,0.0009458681965664367,5.554157612850466e-05,0.9973788059732611,8,8.158273622926607e-06,"/public/home/hpc192311018/ray_results/tune/wrapper_591e7_00122_122_batch_size=119,hidden_channels=120,hidden_layers=5,lr=0.0009,lr_decay_min_lr=0.0001,lr_decay_rate=0.9974,o_2022-11-18_00-45-32"
123,0.3426330089569092,45.57496619224548,True,,,10,591e7_00123,8e644b8c4e494dbd9ac9fa5036739a10,2022-11-18_00-53-13,1668703993,408.0807228088379,161238,gpu403,11.11.4.3,408.0807228088379,0,10,0.0033051967620849,141,395,7,0.00010176943508933448,5.357249674887729e-05,0.8937172191059968,9,5.1803264764881154e-05,"/public/home/hpc192311018/ray_results/tune/wrapper_591e7_00123_123_batch_size=141,hidden_channels=395,hidden_layers=7,lr=0.0001,lr_decay_min_lr=0.0001,lr_decay_rate=0.8937,o_2022-11-18_00-46-25"
124,0.0984869748353958,14.014020442962646,False,,,70,591e7_00124,8693219841814a0ebde1cebf4ad74f1d,2022-11-18_01-04-08,1668704648,1008.09330368042,160800,gpu403,11.11.4.3,1008.09330368042,0,70,0.003082275390625,112,216,2,0.0017162721561864759,2.4980292494682235e-06,0.9895896958101219,8,2.9256707181241655e-05,"/public/home/hpc192311018/ray_results/tune/wrapper_591e7_00124_124_batch_size=112,hidden_channels=216,hidden_layers=2,lr=0.0017,lr_decay_min_lr=0.0000,lr_decay_rate=0.9896,o_2022-11-18_00-47-20"
125,0.2688732147216797,32.063289165496826,True,,,20,591e7_00125,83b81c6082fe4844a1c9b2330161b1ce,2022-11-18_00-57-58,1668704278,627.9131851196289,160840,gpu403,11.11.4.3,627.9131851196289,0,20,0.0033011436462402,116,252,9,0.004017600895787862,3.273143725417772e-05,0.8418491831881104,9,3.787574617084213e-05,"/public/home/hpc192311018/ray_results/tune/wrapper_591e7_00125_125_batch_size=116,hidden_channels=252,hidden_layers=9,lr=0.0040,lr_decay_min_lr=0.0000,lr_decay_rate=0.8418,o_2022-11-18_00-47-30"
126,0.1661251336336136,38.52871155738831,True,,,20,591e7_00126,f5f6e3bcce91460f8a9072c32a01ebec,2022-11-18_01-03-22,1668704602,948.6625871658324,163397,gpu403,11.11.4.3,948.6625871658324,0,20,0.0035433769226074,66,205,6,0.00026939557141493004,5.1868943473555506e-05,0.8254182370819918,9,1.8287667175229982e-05,"/public/home/hpc192311018/ray_results/tune/wrapper_591e7_00126_126_batch_size=66,hidden_channels=205,hidden_layers=6,lr=0.0003,lr_decay_min_lr=0.0001,lr_decay_rate=0.8254,ou_2022-11-18_00-47-33"
127,0.3216921091079712,18.32453942298889,True,,,10,591e7_00127,2b38a70df352443c95213d75197360dd,2022-11-18_00-52-26,1668703946,190.3379726409912,161639,gpu403,11.11.4.3,190.3379726409912,0,10,0.0033729076385498,197,80,5,0.0003005872713194445,3.576030981706053e-06,0.8196735586156993,6,4.4620742921395534e-05,"/public/home/hpc192311018/ray_results/tune/wrapper_591e7_00127_127_batch_size=197,hidden_channels=80,hidden_layers=5,lr=0.0003,lr_decay_min_lr=0.0000,lr_decay_rate=0.8197,ou_2022-11-18_00-49-16"
128,0.0900738090276718,21.159483432769772,False,,,109,591e7_00128,2b38a70df352443c95213d75197360dd,2022-11-18_01-27-41,1668706061,2115.0565950870514,161639,gpu403,11.11.4.3,2115.0565950870514,0,109,0.0033729076385498,104,85,5,0.0011062633619084786,5.9781127564139694e-05,0.9664675604511757,7,2.916384597821747e-05,"/public/home/hpc192311018/ray_results/tune/wrapper_591e7_00128_128_batch_size=104,hidden_channels=85,hidden_layers=5,lr=0.0011,lr_decay_min_lr=0.0001,lr_decay_rate=0.9665,ou_2022-11-18_00-52-26"
129,0.087639532983303,37.27810263633728,False,,,64,591e7_00129,019ba710e17146bc9f1bf55596998563,2022-11-18_01-25-10,1668705910,1959.158191680908,162431,gpu403,11.11.4.3,1959.158191680908,0,64,0.0034115314483642,104,394,5,0.0022304890459850335,1.3754782558928099e-05,0.8887517413877196,3,3.7074959073263463e-06,"/public/home/hpc192311018/ray_results/tune/wrapper_591e7_00129_129_batch_size=104,hidden_channels=394,hidden_layers=5,lr=0.0022,lr_decay_min_lr=0.0000,lr_decay_rate=0.8888,o_2022-11-18_00-52-31"
130,0.1760755032300949,26.212116479873657,True,,,20,591e7_00130,8e644b8c4e494dbd9ac9fa5036739a10,2022-11-18_01-02-01,1668704521,528.4892439842224,161238,gpu403,11.11.4.3,528.4892439842224,0,20,0.0033051967620849,183,348,4,0.0007238573985606624,2.7249573124255573e-06,0.9088594016788908,3,2.9788722611287085e-05,"/public/home/hpc192311018/ray_results/tune/wrapper_591e7_00130_130_batch_size=183,hidden_channels=348,hidden_layers=4,lr=0.0007,lr_decay_min_lr=0.0000,lr_decay_rate=0.9089,o_2022-11-18_00-53-13"
131,0.1435786038637161,14.778439998626707,True,,,20,591e7_00131,83b81c6082fe4844a1c9b2330161b1ce,2022-11-18_01-03-01,1668704581,302.58969163894653,160840,gpu403,11.11.4.3,302.58969163894653,0,20,0.0033011436462402,202,76,5,0.00164824026979668,2.89789821097446e-06,0.9104792460239519,9,1.278726867819312e-05,"/public/home/hpc192311018/ray_results/tune/wrapper_591e7_00131_131_batch_size=202,hidden_channels=76,hidden_layers=5,lr=0.0016,lr_decay_min_lr=0.0000,lr_decay_rate=0.9105,ou_2022-11-18_00-57-58"
132,0.2671153545379638,48.0879602432251,True,,,10,591e7_00132,9f014e5f2a994ef2b98e5141554577ab,2022-11-18_01-06-43,1668704803,464.75711822509766,163006,gpu403,11.11.4.3,464.75711822509766,0,10,0.0034346580505371,45,459,3,0.005337571964574915,1.7910702388854837e-06,0.9059620867104626,9,6.638838553787365e-06,"/public/home/hpc192311018/ray_results/tune/wrapper_591e7_00132_132_batch_size=45,hidden_channels=459,hidden_layers=3,lr=0.0053,lr_decay_min_lr=0.0000,lr_decay_rate=0.9060,ou_2022-11-18_00-58-58"
133,0.2721933126449585,79.17364811897278,True,,,10,591e7_00133,8e644b8c4e494dbd9ac9fa5036739a10,2022-11-18_01-15-11,1668705311,789.4234340190887,161238,gpu403,11.11.4.3,789.4234340190887,0,10,0.0033051967620849,49,262,9,0.000850723176910137,9.600806862621187e-05,0.8415276568403849,9,8.25079059513399e-05,"/public/home/hpc192311018/ray_results/tune/wrapper_591e7_00133_133_batch_size=49,hidden_channels=262,hidden_layers=9,lr=0.0009,lr_decay_min_lr=0.0001,lr_decay_rate=0.8415,ou_2022-11-18_01-02-01"
134,0.0921961590647697,21.089080095291138,False,,,59,591e7_00134,83b81c6082fe4844a1c9b2330161b1ce,2022-11-18_01-23-41,1668705821,1239.816946029663,160840,gpu403,11.11.4.3,1239.816946029663,0,59,0.0033011436462402,182,103,9,0.003583553210264481,2.6264732027493277e-05,0.9571616991679386,5,3.314592415208552e-05,"/public/home/hpc192311018/ray_results/tune/wrapper_591e7_00134_134_batch_size=182,hidden_channels=103,hidden_layers=9,lr=0.0036,lr_decay_min_lr=0.0000,lr_decay_rate=0.9572,o_2022-11-18_01-03-01"
135,0.1155569180846214,21.562902450561523,True,,,40,591e7_00135,f5f6e3bcce91460f8a9072c32a01ebec,2022-11-18_01-19-43,1668705583,980.4692828655244,163397,gpu403,11.11.4.3,980.4692828655244,0,40,0.0035433769226074,133,239,4,0.005381543705497498,3.770927825948558e-06,0.9171235630966669,6,4.4672618066760595e-05,"/public/home/hpc192311018/ray_results/tune/wrapper_591e7_00135_135_batch_size=133,hidden_channels=239,hidden_layers=4,lr=0.0054,lr_decay_min_lr=0.0000,lr_decay_rate=0.9171,o_2022-11-18_01-03-22"
136,0.1042386144399643,26.647266387939453,True,,,40,591e7_00136,8693219841814a0ebde1cebf4ad74f1d,2022-11-18_01-18-43,1668705523,873.0653071403503,160800,gpu403,11.11.4.3,873.0653071403503,0,40,0.003082275390625,170,321,5,0.007530674136524073,2.3726398507606634e-06,0.8812060120050749,3,6.438865277435193e-05,"/public/home/hpc192311018/ray_results/tune/wrapper_591e7_00136_136_batch_size=170,hidden_channels=321,hidden_layers=5,lr=0.0075,lr_decay_min_lr=0.0000,lr_decay_rate=0.8812,o_2022-11-18_01-04-10"
137,0.2853471636772156,35.217217445373535,True,,,10,591e7_00137,9f014e5f2a994ef2b98e5141554577ab,2022-11-18_01-12-36,1668705156,353.12518668174744,163006,gpu403,11.11.4.3,353.12518668174744,0,10,0.0034346580505371,246,496,6,0.00458347695896466,5.355073104664671e-06,0.8096798509651517,8,5.24352299987089e-05,"/public/home/hpc192311018/ray_results/tune/wrapper_591e7_00137_137_batch_size=246,hidden_channels=496,hidden_layers=6,lr=0.0046,lr_decay_min_lr=0.0000,lr_decay_rate=0.8097,o_2022-11-18_01-06-43"
138,0.1071629226207733,68.39817953109741,False,,,33,591e7_00138,9f014e5f2a994ef2b98e5141554577ab,2022-11-18_01-51-14,1668707474,2317.5288848876958,163006,gpu403,11.11.4.3,2317.5288848876958,0,33,0.0034346580505371,34,402,6,0.003701226840859506,7.964902703856569e-06,0.9749636843590342,4,4.0613131628449364e-05,"/public/home/hpc192311018/ray_results/tune/wrapper_591e7_00138_138_batch_size=34,hidden_channels=402,hidden_layers=6,lr=0.0037,lr_decay_min_lr=0.0000,lr_decay_rate=0.9750,ou_2022-11-18_01-12-36"
139,0.3203538656234741,20.94651579856873,True,,,10,591e7_00139,8e644b8c4e494dbd9ac9fa5036739a10,2022-11-18_01-18-44,1668705524,212.90339756011963,161238,gpu403,11.11.4.3,212.90339756011963,0,10,0.0033051967620849,106,95,4,0.0002316380390103225,2.9215282290043582e-05,0.8773873804001935,7,7.678002276205434e-06,"/public/home/hpc192311018/ray_results/tune/wrapper_591e7_00139_139_batch_size=106,hidden_channels=95,hidden_layers=4,lr=0.0002,lr_decay_min_lr=0.0000,lr_decay_rate=0.8774,ou_2022-11-18_01-15-11"
140,0.3440240621566772,20.822055101394653,True,,,10,591e7_00140,6050fd94488c4f4d862afddecc330639,2022-11-18_01-21-30,1668705690,201.89375853538516,162037,gpu403,11.11.4.3,201.89375853538516,0,10,0.0034117698669433,215,283,3,0.00010926572783479988,1.9014912818184707e-06,0.9518507414438251,3,1.5304748626806926e-05,"/public/home/hpc192311018/ray_results/tune/wrapper_591e7_00140_140_batch_size=215,hidden_channels=283,hidden_layers=3,lr=0.0001,lr_decay_min_lr=0.0000,lr_decay_rate=0.9519,o_2022-11-18_01-18-08"
141,0.2694440186023712,33.43996047973633,True,,,10,591e7_00141,8693219841814a0ebde1cebf4ad74f1d,2022-11-18_01-24-19,1668705859,335.4946050643921,160800,gpu403,11.11.4.3,335.4946050643921,0,10,0.003082275390625,224,332,8,0.0009921328950775058,6.975240934695879e-05,0.933905254418786,3,4.081329449935787e-06,"/public/home/hpc192311018/ray_results/tune/wrapper_591e7_00141_141_batch_size=224,hidden_channels=332,hidden_layers=8,lr=0.0010,lr_decay_min_lr=0.0001,lr_decay_rate=0.9339,o_2022-11-18_01-18-43"
142,0.271398663520813,34.17223882675171,True,,,10,591e7_00142,8e644b8c4e494dbd9ac9fa5036739a10,2022-11-18_01-25-37,1668705937,412.5511243343353,161238,gpu403,11.11.4.3,412.5511243343353,0,10,0.0033051967620849,112,325,8,0.0002468230362096308,5.6083187926409944e-06,0.9355345334184222,7,8.829972152108559e-06,"/public/home/hpc192311018/ray_results/tune/wrapper_591e7_00142_142_batch_size=112,hidden_channels=325,hidden_layers=8,lr=0.0002,lr_decay_min_lr=0.0000,lr_decay_rate=0.9355,o_2022-11-18_01-18-44"
143,0.0935992896556854,47.05530619621277,False,,,62,591e7_00143,f5f6e3bcce91460f8a9072c32a01ebec,2022-11-18_02-16-59,1668709019,3436.0157101154327,163397,gpu403,11.11.4.3,3436.0157101154327,0,62,0.0035433769226074,45,344,9,0.0007226335039851479,2.8565530037859095e-05,0.9372019870458024,3,9.164747321632151e-06,"/public/home/hpc192311018/ray_results/tune/wrapper_591e7_00143_143_batch_size=45,hidden_channels=344,hidden_layers=9,lr=0.0007,lr_decay_min_lr=0.0000,lr_decay_rate=0.9372,ou_2022-11-18_01-19-43"
144,0.2757718563079834,29.9529070854187,False,,,18,591e7_00144,6050fd94488c4f4d862afddecc330639,2022-11-18_01-31-06,1668706266,575.5030009746552,162037,gpu403,11.11.4.3,575.5030009746552,0,18,0.0034117698669433,84,144,8,0.008332849910656226,6.416279610845859e-05,0.9905896765036579,7,1.4522834061195814e-05,"/public/home/hpc192311018/ray_results/tune/wrapper_591e7_00144_144_batch_size=84,hidden_channels=144,hidden_layers=8,lr=0.0083,lr_decay_min_lr=0.0001,lr_decay_rate=0.9906,ou_2022-11-18_01-21-30"
145,0.3231488764286041,21.404943466186523,True,,,10,591e7_00145,83b81c6082fe4844a1c9b2330161b1ce,2022-11-18_01-27-16,1668706036,212.47320127487183,160840,gpu403,11.11.4.3,212.47320127487183,0,10,0.0033011436462402,160,150,6,0.00022031994055868258,1.251147976609817e-06,0.9657876615054422,7,1.8772840379877294e-06,"/public/home/hpc192311018/ray_results/tune/wrapper_591e7_00145_145_batch_size=160,hidden_channels=150,hidden_layers=6,lr=0.0002,lr_decay_min_lr=0.0000,lr_decay_rate=0.9658,o_2022-11-18_01-23-43"
146,0.0886570587754249,15.590433359146118,False,,,106,591e7_00146,8693219841814a0ebde1cebf4ad74f1d,2022-11-18_01-59-31,1668707971,2111.4183440208435,160800,gpu403,11.11.4.3,2111.4183440208435,0,106,0.003082275390625,218,148,8,0.003112880625141227,1.2174698441163331e-05,0.9713544453000895,3,1.4419852707213396e-05,"/public/home/hpc192311018/ray_results/tune/wrapper_591e7_00146_146_batch_size=218,hidden_channels=148,hidden_layers=8,lr=0.0031,lr_decay_min_lr=0.0000,lr_decay_rate=0.9714,o_2022-11-18_01-24-19"
147,0.1180687397718429,19.657220125198364,True,,,40,591e7_00147,019ba710e17146bc9f1bf55596998563,2022-11-18_01-38-34,1668706714,800.7574126720428,162431,gpu403,11.11.4.3,800.7574126720428,0,40,0.0034115314483642,98,377,1,0.0014657182761789928,1.1140294977644616e-06,0.9011249876417828,7,1.6608829324711265e-05,"/public/home/hpc192311018/ray_results/tune/wrapper_591e7_00147_147_batch_size=98,hidden_channels=377,hidden_layers=1,lr=0.0015,lr_decay_min_lr=0.0000,lr_decay_rate=0.9011,ou_2022-11-18_01-25-13"
148,0.0892349705100059,24.878464221954346,False,,,65,591e7_00148,8e644b8c4e494dbd9ac9fa5036739a10,2022-11-18_02-01-11,1668708071,2134.697812795639,161238,gpu403,11.11.4.3,2134.697812795639,0,65,0.0033051967620849,142,303,7,0.001144176541135949,1.3049796860147164e-05,0.9546963075445336,9,4.054344673930485e-06,"/public/home/hpc192311018/ray_results/tune/wrapper_591e7_00148_148_batch_size=142,hidden_channels=303,hidden_layers=7,lr=0.0011,lr_decay_min_lr=0.0000,lr_decay_rate=0.9547,o_2022-11-18_01-25-37"
149,0.2836642861366272,34.67603015899658,True,,,10,591e7_00149,83b81c6082fe4844a1c9b2330161b1ce,2022-11-18_01-32-54,1668706374,338.5639953613281,160840,gpu403,11.11.4.3,338.5639953613281,0,10,0.0033011436462402,141,397,4,0.0004520238510152483,2.7330660100850657e-06,0.8407518689822375,9,2.3453030676409344e-05,"/public/home/hpc192311018/ray_results/tune/wrapper_591e7_00149_149_batch_size=141,hidden_channels=397,hidden_layers=4,lr=0.0005,lr_decay_min_lr=0.0000,lr_decay_rate=0.8408,o_2022-11-18_01-27-16"
150,0.337261438369751,30.704230308532715,True,,,10,591e7_00150,2b38a70df352443c95213d75197360dd,2022-11-18_01-33-06,1668706386,322.8671712875366,161639,gpu403,11.11.4.3,322.8671712875366,0,10,0.0033729076385498,185,321,6,0.00011280585009626263,2.6922526204296405e-05,0.9475933024305347,7,7.129411660149922e-06,"/public/home/hpc192311018/ray_results/tune/wrapper_591e7_00150_150_batch_size=185,hidden_channels=321,hidden_layers=6,lr=0.0001,lr_decay_min_lr=0.0000,lr_decay_rate=0.9476,o_2022-11-18_01-27-44"
151,0.3555820286273956,9.105993747711182,True,,,10,591e7_00151,6050fd94488c4f4d862afddecc330639,2022-11-18_01-32-41,1668706361,91.77485370635986,162037,gpu403,11.11.4.3,91.77485370635986,0,10,0.0034117698669433,247,71,1,0.0006231074016033317,2.8633170541367678e-05,0.8253150781851091,8,8.67276445219228e-06,"/public/home/hpc192311018/ray_results/tune/wrapper_591e7_00151_151_batch_size=247,hidden_channels=71,hidden_layers=1,lr=0.0006,lr_decay_min_lr=0.0000,lr_decay_rate=0.8253,ou_2022-11-18_01-31-09"
152,0.1915588229894638,37.40035343170166,True,,,20,591e7_00152,6050fd94488c4f4d862afddecc330639,2022-11-18_01-45-13,1668707113,752.1075627803802,162037,gpu403,11.11.4.3,752.1075627803802,0,20,0.0034117698669433,89,478,5,0.00029674281336155846,3.975194084025178e-06,0.954554746525796,5,7.217017961171945e-05,"/public/home/hpc192311018/ray_results/tune/wrapper_591e7_00152_152_batch_size=89,hidden_channels=478,hidden_layers=5,lr=0.0003,lr_decay_min_lr=0.0000,lr_decay_rate=0.9546,ou_2022-11-18_01-32-41"
153,0.2780513763427734,30.21400117874145,True,,,10,591e7_00153,83b81c6082fe4844a1c9b2330161b1ce,2022-11-18_01-37-59,1668706679,304.57936358451843,160840,gpu403,11.11.4.3,304.57936358451843,0,10,0.0033011436462402,173,184,7,0.0005499770373712413,4.003350254495901e-06,0.9415771447000753,7,1.7306036156771584e-05,"/public/home/hpc192311018/ray_results/tune/wrapper_591e7_00153_153_batch_size=173,hidden_channels=184,hidden_layers=7,lr=0.0005,lr_decay_min_lr=0.0000,lr_decay_rate=0.9416,o_2022-11-18_01-32-54"
154,0.267885148525238,33.97790312767029,True,,,10,591e7_00154,2b38a70df352443c95213d75197360dd,2022-11-18_01-39-27,1668706767,380.3516285419464,161639,gpu403,11.11.4.3,380.3516285419464,0,10,0.0033729076385498,171,448,6,0.006270075778569791,1.2280274933814987e-05,0.8360624129423354,9,5.644539334344896e-05,"/public/home/hpc192311018/ray_results/tune/wrapper_591e7_00154_154_batch_size=171,hidden_channels=448,hidden_layers=6,lr=0.0063,lr_decay_min_lr=0.0000,lr_decay_rate=0.8361,o_2022-11-18_01-33-06"
155,0.2775012552738189,54.46528005599976,True,,,10,591e7_00155,83b81c6082fe4844a1c9b2330161b1ce,2022-11-18_01-47-07,1668707227,547.7318930625916,160840,gpu403,11.11.4.3,547.7318930625916,0,10,0.0033011436462402,34,501,3,0.00013798934329830345,5.203458601500045e-05,0.8012847327072228,6,7.872467815435245e-06,"/public/home/hpc192311018/ray_results/tune/wrapper_591e7_00155_155_batch_size=34,hidden_channels=501,hidden_layers=3,lr=0.0001,lr_decay_min_lr=0.0001,lr_decay_rate=0.8013,ou_2022-11-18_01-37-59"
156,0.1002829745411872,22.54610776901245,True,,,40,591e7_00156,019ba710e17146bc9f1bf55596998563,2022-11-18_01-53-51,1668707631,916.8988370895386,162431,gpu403,11.11.4.3,916.8988370895386,0,40,0.0034115314483642,245,336,4,0.0025230421762055533,3.888969937236805e-06,0.8474472983874755,8,2.732418310771379e-06,"/public/home/hpc192311018/ray_results/tune/wrapper_591e7_00156_156_batch_size=245,hidden_channels=336,hidden_layers=4,lr=0.0025,lr_decay_min_lr=0.0000,lr_decay_rate=0.8474,o_2022-11-18_01-38-34"
157,0.3139770627021789,13.577746629714966,True,,,10,591e7_00157,2b38a70df352443c95213d75197360dd,2022-11-18_01-41-41,1668706901,133.47057437896729,161639,gpu403,11.11.4.3,133.47057437896729,0,10,0.0033729076385498,146,76,2,0.0003963863925311538,1.7374242035820148e-05,0.9383173506965727,7,7.88416391284861e-05,"/public/home/hpc192311018/ray_results/tune/wrapper_591e7_00157_157_batch_size=146,hidden_channels=76,hidden_layers=2,lr=0.0004,lr_decay_min_lr=0.0000,lr_decay_rate=0.9383,ou_2022-11-18_01-39-27"
158,0.0917453244328498,12.357837677001951,False,,,76,591e7_00158,2b38a70df352443c95213d75197360dd,2022-11-18_01-58-25,1668707905,1003.9700305461884,161639,gpu403,11.11.4.3,1003.9700305461884,0,76,0.0033729076385498,175,220,3,0.004487475413029619,8.763316973101626e-06,0.9210018528316732,4,1.26525565845832e-06,"/public/home/hpc192311018/ray_results/tune/wrapper_591e7_00158_158_batch_size=175,hidden_channels=220,hidden_layers=3,lr=0.0045,lr_decay_min_lr=0.0000,lr_decay_rate=0.9210,o_2022-11-18_01-41-41"
159,0.2835359275341034,14.263776063919067,True,,,10,591e7_00159,6050fd94488c4f4d862afddecc330639,2022-11-18_01-47-39,1668707259,146.18778133392334,162037,gpu403,11.11.4.3,146.18778133392334,0,10,0.0034117698669433,206,378,1,0.00151377491024288,1.0652089835437497e-06,0.8463641479936886,8,6.559249178224977e-05,"/public/home/hpc192311018/ray_results/tune/wrapper_591e7_00159_159_batch_size=206,hidden_channels=378,hidden_layers=1,lr=0.0015,lr_decay_min_lr=0.0000,lr_decay_rate=0.8464,o_2022-11-18_01-45-13"
